object_id,object_name,object_type,altitude_km,inclination_deg,eccentricity,bstar,rcs_size,rcs_value_m2,period_min,days_in_orbit,epoch,risk_class
25578,IRIDIUM 33 DEB,DEBRIS,437.3,114.1,0.00792,0.708424,MEDIUM,0.477,93.18,5976,2026-05-16T16:58:17Z,LOW
58379,ARIANE 5 R/B,ROCKET_BODY,35785.9,1.4,0.02187,0.000148,LARGE,1.709,1435.7,945,2026-05-02T04:23:57Z,LOW
72845,CZ-6A DEB,DEBRIS,15667.3,55.85,4e-05,0.0,MEDIUM,0.553,542.66,4559,2026-05-12T08:49:55Z,LOW
87585,IRIDIUM 33 DEB,DEBRIS,488.2,117.02,0.0193,0.180609,MEDIUM,0.441,94.23,4502,2026-05-23T03:38:26Z,LOW
71357,ONEWEB-4889,PAYLOAD,569.3,170.99,0.01712,0.539515,MEDIUM,0.619,95.9,8584,2026-04-26T22:25:28Z,LOW
39406,NOAA 16 DEB,DEBRIS,1721.0,13.62,0.01077,0.0,MEDIUM,0.118,120.74,8590,2026-05-19T14:18:17Z,LOW
27809,FENGYUN 1C DEB,DEBRIS,1415.3,64.67,0.01837,0.042618,MEDIUM,0.18,113.96,5551,2026-05-08T19:17:47Z,MEDIUM
48526,IRIDIUM 33 DEB,DEBRIS,542.3,1.57,0.00532,0.922373,MEDIUM,0.16,95.34,7658,2026-05-23T11:23:37Z,MEDIUM
99241,PLANET-DOVE-6375,PAYLOAD,569.8,176.61,0.01622,0.543182,LARGE,1.547,95.91,2837,2026-05-01T06:07:19Z,LOW
20592,SL-16 R/B,ROCKET_BODY,556.0,162.49,0.0131,1.013943,LARGE,4.965,95.63,8725,2026-05-16T14:00:59Z,MEDIUM
79988,IRIDIUM-1911,PAYLOAD,35826.7,0.6,0.00524,7.7e-05,LARGE,3.451,1437.78,8475,2026-05-24T00:44:34Z,LOW
72373,NOAA 16 DEB,DEBRIS,822.8,3.26,0.01096,0.357527,MEDIUM,0.42,101.2,1153,2026-05-05T07:33:26Z,HIGH
52787,COSMOS 2251 DEB,DEBRIS,17031.7,51.56,0.03505,0.000135,MEDIUM,0.215,593.83,6311,2026-04-28T05:42:03Z,LOW
32150,IRIDIUM 33 DEB,DEBRIS,614.8,46.54,0.0091,0.931128,MEDIUM,0.431,96.85,4136,2026-05-06T18:17:41Z,LOW
20344,ARIANE 5 R/B,ROCKET_BODY,35765.8,0.52,0.02766,2e-06,LARGE,3.069,1434.67,2416,2026-05-12T22:35:59Z,LOW
89730,COSMOS-2019,PAYLOAD,648.6,28.89,0.00906,0.774881,LARGE,2.388,97.55,3725,2026-05-13T21:39:34Z,LOW
41125,ARIANE 5 R/B,ROCKET_BODY,1670.6,142.32,0.04588,0.19603,LARGE,9.385,119.61,8161,2026-05-09T10:55:48Z,LOW
29400,IRIDIUM-6087,PAYLOAD,35872.1,0.43,0.02075,0.000148,LARGE,1.713,1440.1,8320,2026-05-22T23:30:44Z,LOW
82912,FENGYUN 1C DEB,DEBRIS,35970.9,0.58,0.00559,9.6e-05,SMALL,0.061,1445.16,3117,2026-05-12T08:13:15Z,LOW
24028,IRIDIUM 33 DEB,DEBRIS,765.3,26.23,0.00047,0.171976,MEDIUM,0.208,99.99,4172,2026-05-14T05:18:45Z,MEDIUM
87225,IRIDIUM 33 DEB,DEBRIS,894.7,179.58,0.00692,0.130447,MEDIUM,0.953,102.72,4660,2026-05-23T16:40:29Z,HIGH
36634,ONEWEB-5687,PAYLOAD,601.4,111.24,0.00889,0.878417,LARGE,2.595,96.57,6609,2026-05-23T04:16:43Z,LOW
87198,COSMOS 2251 DEB,DEBRIS,551.0,79.09,0.0278,0.063942,SMALL,0.084,95.52,4328,2026-05-05T05:43:22Z,HIGH
80768,IRIDIUM 33 DEB,DEBRIS,1419.6,66.8,0.0067,0.20792,LARGE,2.537,114.06,3581,2026-05-03T14:00:06Z,MEDIUM
48959,NOAA 16 DEB,DEBRIS,16563.3,49.71,0.03055,0.000134,SMALL,0.097,576.09,8314,2026-05-17T11:06:42Z,LOW
85667,PLANET-DOVE-2866,PAYLOAD,569.5,147.81,0.00265,1.048568,MEDIUM,0.492,95.91,3373,2026-05-10T18:06:59Z,LOW
31888,CZ-6A R/B,ROCKET_BODY,527.5,146.01,0.002,0.66002,LARGE,3.466,95.04,2413,2026-05-08T10:10:33Z,MEDIUM
27885,STARLINK-3520,PAYLOAD,569.1,110.92,0.00838,0.660061,LARGE,2.364,95.9,2962,2026-05-15T22:47:44Z,LOW
62194,STARLINK-1369,PAYLOAD,521.7,159.83,0.03134,0.902245,MEDIUM,0.9,94.92,3019,2026-05-14T19:44:54Z,LOW
86447,NOAA 16 DEB,DEBRIS,828.7,53.87,0.01052,0.249578,MEDIUM,0.534,101.33,5009,2026-05-22T09:54:43Z,HIGH
55559,NOAA 16 DEB,DEBRIS,1439.4,126.67,0.04608,0.086279,MEDIUM,0.962,114.49,5951,2026-05-05T23:16:24Z,MEDIUM
87521,IRIDIUM 33 DEB,DEBRIS,492.9,72.8,0.01416,0.931455,MEDIUM,0.213,94.32,1235,2026-05-17T14:56:55Z,LOW
34495,PLANET-DOVE-4940,PAYLOAD,825.3,108.0,0.01873,0.409332,LARGE,1.176,101.26,7982,2026-05-01T19:31:40Z,MEDIUM
46918,IRIDIUM-9186,PAYLOAD,35710.2,0.29,0.00326,9.9e-05,MEDIUM,0.652,1431.83,2303,2026-05-23T02:39:17Z,LOW
98108,SL-16 R/B,ROCKET_BODY,615.4,177.21,0.00011,0.561798,LARGE,4.718,96.86,1060,2026-04-27T12:12:13Z,MEDIUM
83832,COSMOS-1278,PAYLOAD,18444.8,53.4,0.02469,0.000127,LARGE,4.03,648.41,6024,2026-05-17T12:10:40Z,LOW
27497,PLANET-DOVE-8242,PAYLOAD,827.4,103.3,0.04517,0.304834,LARGE,1.617,101.3,1912,2026-04-28T01:15:39Z,LOW
67381,ATLAS 5 CENTAUR R/B,ROCKET_BODY,421.0,161.52,0.03476,0.585879,LARGE,4.505,92.84,6757,2026-05-21T09:42:52Z,LOW
28185,IRIDIUM-4822,PAYLOAD,815.0,177.41,0.0211,0.0,LARGE,2.236,101.04,8533,2026-05-23T18:47:23Z,LOW
98955,FENGYUN 1C DEB,DEBRIS,562.5,140.15,0.0057,0.629241,MEDIUM,0.256,95.76,6241,2026-05-19T12:55:37Z,MEDIUM
76063,ATLAS 5 CENTAUR R/B,ROCKET_BODY,608.9,11.73,0.00919,0.833132,LARGE,3.972,96.72,7002,2026-05-18T15:41:19Z,MEDIUM
79309,NOAA 16 DEB,DEBRIS,546.9,58.08,0.01007,0.995122,LARGE,2.238,95.44,4468,2026-05-09T08:16:45Z,HIGH
48999,NOAA 16 DEB,DEBRIS,585.4,161.38,0.02396,0.661823,MEDIUM,0.354,96.24,3134,2026-05-02T08:22:14Z,MEDIUM
25485,COSMOS-2085,PAYLOAD,539.3,138.3,0.01754,1.05598,LARGE,1.962,95.28,5530,2026-05-24T13:40:56Z,LOW
34275,CZ-6A DEB,DEBRIS,842.5,133.6,0.006,0.582515,MEDIUM,0.379,101.62,3237,2026-05-10T20:59:09Z,MEDIUM
91332,FENGYUN 1C DEB,DEBRIS,815.8,120.23,0.00084,0.705972,MEDIUM,0.167,101.06,7889,2026-05-19T11:53:44Z,HIGH
35199,STARLINK-8231,PAYLOAD,885.6,74.75,0.02439,0.599356,MEDIUM,0.567,102.53,4241,2026-05-16T10:14:51Z,LOW
30151,KUIPER-4095,PAYLOAD,600.0,72.58,0.00425,1.177875,LARGE,2.627,96.54,4505,2026-05-16T00:50:04Z,LOW
22102,IRIDIUM 33 DEB,DEBRIS,562.2,145.61,0.00137,0.580201,MEDIUM,0.206,95.75,6073,2026-05-05T13:49:38Z,MEDIUM
27517,IRIDIUM-1470,PAYLOAD,847.5,52.88,0.01846,0.081816,LARGE,9.844,101.73,1728,2026-05-07T19:18:39Z,MEDIUM
28546,ONEWEB-3054,PAYLOAD,513.2,123.27,0.0024,0.980076,LARGE,1.257,94.74,5062,2026-05-08T04:47:29Z,LOW
42057,KUIPER-4437,PAYLOAD,355.7,130.72,0.00142,1.338158,LARGE,2.068,91.51,6792,2026-05-13T01:46:58Z,LOW
91569,CZ-6A DEB,DEBRIS,598.4,152.02,0.00733,1.181026,MEDIUM,0.413,96.51,6991,2026-05-16T13:14:05Z,MEDIUM
46102,FENGYUN 1C DEB,DEBRIS,557.1,57.58,0.02353,1.152331,MEDIUM,0.373,95.65,2047,2026-04-30T23:08:09Z,HIGH
27523,NOAA 16 DEB,DEBRIS,35704.2,0.24,0.03306,0.000108,MEDIUM,0.715,1431.53,515,2026-05-01T19:46:01Z,LOW
96933,NOAA 16 DEB,DEBRIS,814.7,19.17,0.03472,0.581801,MEDIUM,0.637,101.03,1772,2026-04-26T10:50:44Z,MEDIUM
99089,FALCON 9 R/B,ROCKET_BODY,18790.6,58.77,0.00507,0.000123,LARGE,8.878,662.01,7376,2026-05-10T18:58:04Z,LOW
68691,CZ-6A R/B,ROCKET_BODY,1410.7,75.12,0.00692,0.026544,LARGE,4.547,113.86,2410,2026-05-15T01:32:12Z,MEDIUM
85082,KUIPER-8099,PAYLOAD,1394.9,9.94,0.01308,0.191052,LARGE,2.223,113.51,550,2026-05-01T07:15:48Z,LOW
88456,IRIDIUM-2748,PAYLOAD,970.9,170.59,0.00578,0.218518,LARGE,1.184,104.35,5387,2026-05-16T08:30:39Z,LOW
32313,CZ-6A DEB,DEBRIS,1410.0,162.34,0.01336,0.177192,MEDIUM,0.466,113.84,7932,2026-04-25T02:12:57Z,MEDIUM
93649,CZ-6A R/B,ROCKET_BODY,35715.8,0.75,0.00485,0.000121,LARGE,2.986,1432.12,2043,2026-05-20T23:52:07Z,LOW
90646,ATLAS 5 CENTAUR R/B,ROCKET_BODY,836.7,150.9,0.00383,0.524522,LARGE,8.403,101.5,417,2026-05-15T16:59:23Z,HIGH
70232,NOAA 16 DEB,DEBRIS,599.7,91.6,0.03602,0.571396,MEDIUM,0.739,96.53,1286,2026-05-15T11:57:09Z,MEDIUM
79059,IRIDIUM 33 DEB,DEBRIS,485.6,126.35,0.00148,1.145683,MEDIUM,0.164,94.17,1176,2026-05-16T05:13:50Z,LOW
36247,SL-16 R/B,ROCKET_BODY,553.3,159.65,0.00394,0.0,LARGE,1.544,95.57,1864,2026-05-05T18:13:08Z,MEDIUM
93561,FALCON 9 R/B,ROCKET_BODY,619.8,103.86,0.05451,0.65374,LARGE,2.191,96.95,1646,2026-05-24T20:55:13Z,MEDIUM
35789,KUIPER-2310,PAYLOAD,845.9,20.94,0.0011,0.693058,LARGE,2.084,101.69,5744,2026-05-17T09:31:51Z,MEDIUM
42608,KUIPER-3687,PAYLOAD,789.3,0.46,0.01612,0.938824,LARGE,2.971,100.5,2030,2026-04-30T10:19:52Z,LOW
42541,ATLAS 5 CENTAUR R/B,ROCKET_BODY,15745.2,52.55,0.01793,0.0,LARGE,2.589,545.54,4948,2026-05-22T16:07:47Z,LOW
37986,PLANET-DOVE-1902,PAYLOAD,836.1,170.86,0.01963,0.822915,MEDIUM,0.354,101.48,3633,2026-05-17T04:29:52Z,MEDIUM
71151,SL-16 R/B,ROCKET_BODY,900.9,103.07,0.01079,0.404561,LARGE,4.881,102.86,5899,2026-05-04T07:50:09Z,MEDIUM
27331,NOAA 16 DEB,DEBRIS,1413.2,67.13,0.00888,0.156669,MEDIUM,0.118,113.91,5909,2026-05-23T10:32:11Z,MEDIUM
50170,PLANET-DOVE-6349,PAYLOAD,13004.5,54.43,0.00701,0.00019,LARGE,1.31,447.34,5348,2026-05-02T10:49:20Z,LOW
83103,ONEWEB-1169,PAYLOAD,10232.6,57.42,0.00652,5.1e-05,LARGE,1.528,354.86,8036,2026-05-14T08:05:52Z,LOW
88789,ONEWEB-5521,PAYLOAD,1370.6,58.89,0.01151,0.08909,MEDIUM,0.534,112.98,1790,2026-05-15T02:29:28Z,LOW
53582,PLANET-DOVE-3258,PAYLOAD,526.0,126.86,0.04557,0.474027,LARGE,1.886,95.01,4734,2026-05-23T21:27:40Z,LOW
39689,COSMOS 2251 DEB,DEBRIS,530.4,124.96,0.02921,0.226618,MEDIUM,0.247,95.1,3566,2026-05-12T02:28:21Z,MEDIUM
80547,CZ-6A R/B,ROCKET_BODY,16266.9,58.23,0.01108,4e-05,LARGE,2.278,564.96,4806,2026-05-24T19:59:51Z,LOW
49350,NOAA 16 DEB,DEBRIS,862.6,11.48,0.02212,0.394217,MEDIUM,0.193,102.04,1285,2026-05-03T12:42:51Z,HIGH
79009,CZ-6A DEB,DEBRIS,896.8,69.3,0.01238,0.289896,SMALL,0.08,102.77,2894,2026-05-19T01:10:10Z,HIGH
70144,ARIANE 5 R/B,ROCKET_BODY,586.8,57.08,0.00021,0.409208,LARGE,4.742,96.26,8470,2026-05-02T08:40:28Z,MEDIUM
78468,FENGYUN 1C DEB,DEBRIS,566.0,126.05,0.02396,0.836409,MEDIUM,0.146,95.83,7212,2026-05-24T23:29:09Z,MEDIUM
82785,COSMOS-4627,PAYLOAD,1353.4,147.56,0.03474,0.253705,LARGE,3.199,112.6,3851,2026-05-17T21:52:38Z,LOW
22559,COSMOS-3976,PAYLOAD,803.5,40.04,0.01042,0.138993,LARGE,1.221,100.8,1021,2026-05-13T18:35:36Z,LOW
88669,STARLINK-418,PAYLOAD,568.7,95.08,0.00467,0.145304,MEDIUM,0.759,95.89,5846,2026-04-26T23:47:18Z,LOW
81690,CZ-6A DEB,DEBRIS,18419.8,52.17,0.04863,3.3e-05,MEDIUM,0.16,647.43,2730,2026-05-09T21:52:48Z,LOW
35776,FALCON 9 R/B,ROCKET_BODY,802.9,38.57,0.00693,0.075653,LARGE,2.358,100.78,2985,2026-04-29T07:42:00Z,MEDIUM
36583,STARLINK-3540,PAYLOAD,1809.1,137.12,0.04147,0.107408,MEDIUM,0.984,122.71,899,2026-05-22T12:41:53Z,LOW
83680,ARIANE 5 R/B,ROCKET_BODY,560.6,142.81,0.00914,1.276056,LARGE,3.96,95.72,2623,2026-05-06T08:58:19Z,MEDIUM
81368,COSMOS-9905,PAYLOAD,35914.5,0.31,0.00992,6e-06,LARGE,1.025,1442.27,1951,2026-05-19T22:17:17Z,LOW
22798,FENGYUN 1C DEB,DEBRIS,1688.8,25.63,0.00111,0.14254,MEDIUM,0.118,120.02,334,2026-05-22T04:23:26Z,LOW
59465,SL-16 R/B,ROCKET_BODY,514.2,99.19,0.02385,0.997376,LARGE,6.478,94.76,5291,2026-04-28T07:16:50Z,MEDIUM
34778,IRIDIUM-6861,PAYLOAD,846.7,76.09,0.03216,0.945289,LARGE,1.02,101.71,8726,2026-05-17T18:39:48Z,MEDIUM
68424,KUIPER-4712,PAYLOAD,867.6,178.47,0.0157,0.0,LARGE,1.659,102.15,1159,2026-05-04T01:57:37Z,MEDIUM
96740,COSMOS 2251 DEB,DEBRIS,587.2,117.73,0.00205,0.446985,LARGE,1.316,96.27,500,2026-04-28T06:18:51Z,MEDIUM
97077,IRIDIUM-3138,PAYLOAD,1648.2,168.34,0.0233,0.159535,LARGE,1.79,119.11,932,2026-05-02T19:39:52Z,LOW
82418,ONEWEB-975,PAYLOAD,852.6,26.16,0.00241,0.317552,LARGE,1.794,101.83,4926,2026-05-11T11:57:53Z,MEDIUM
62759,PLANET-DOVE-6462,PAYLOAD,1997.0,81.16,0.00487,0.103082,LARGE,1.903,126.97,7438,2026-05-20T15:47:18Z,LOW
93628,FENGYUN 1C DEB,DEBRIS,519.1,138.89,0.02519,0.677692,MEDIUM,0.315,94.86,2807,2026-05-15T17:59:29Z,MEDIUM
30915,IRIDIUM 33 DEB,DEBRIS,35869.4,0.2,0.02707,0.000106,MEDIUM,0.314,1439.96,1091,2026-05-01T23:56:11Z,LOW
97606,NOAA 16 DEB,DEBRIS,1671.8,113.85,0.00399,0.084888,MEDIUM,0.967,119.64,890,2026-05-03T21:07:10Z,LOW
31885,PLANET-DOVE-4593,PAYLOAD,1766.2,92.11,0.00925,0.059616,LARGE,3.08,121.75,5484,2026-05-04T02:54:44Z,LOW
65444,FENGYUN 1C DEB,DEBRIS,832.1,178.55,0.01917,0.276726,MEDIUM,0.308,101.4,3229,2026-05-17T01:57:12Z,HIGH
76721,CZ-6A DEB,DEBRIS,564.3,31.3,0.01291,0.748447,MEDIUM,0.879,95.8,3187,2026-05-10T13:31:40Z,MEDIUM
91497,IRIDIUM 33 DEB,DEBRIS,1411.8,168.36,0.00748,0.083911,MEDIUM,0.398,113.88,2170,2026-04-25T17:12:48Z,LOW
52524,ARIANE 5 R/B,ROCKET_BODY,776.5,72.28,0.00563,0.710443,LARGE,6.51,100.23,8070,2026-04-27T06:48:21Z,MEDIUM
57573,IRIDIUM-7404,PAYLOAD,791.5,84.24,0.01434,0.613564,LARGE,1.96,100.54,3392,2026-04-27T06:26:56Z,LOW
58735,IRIDIUM-5453,PAYLOAD,892.2,95.15,0.00932,0.61854,LARGE,1.326,102.67,6376,2026-05-23T20:05:07Z,MEDIUM
80689,COSMOS 2251 DEB,DEBRIS,14595.5,50.8,0.0163,0.000132,LARGE,1.951,503.56,6688,2026-05-10T03:21:49Z,LOW
76287,FALCON 9 R/B,ROCKET_BODY,35775.2,0.6,0.0141,0.000134,LARGE,2.749,1435.15,563,2026-05-09T17:33:54Z,LOW
30138,ONEWEB-4674,PAYLOAD,552.8,164.07,0.03435,0.654523,LARGE,5.224,95.56,2258,2026-05-17T19:58:41Z,LOW
78369,KUIPER-3482,PAYLOAD,500.4,175.12,0.01523,1.961472,LARGE,6.768,94.48,8062,2026-04-30T17:06:44Z,LOW
36168,FALCON 9 R/B,ROCKET_BODY,1482.5,179.45,0.03226,0.245201,LARGE,2.292,115.44,7948,2026-04-25T22:43:23Z,MEDIUM
93971,KUIPER-1596,PAYLOAD,520.6,120.56,0.01338,0.462026,LARGE,4.85,94.89,3742,2026-05-03T02:59:27Z,LOW
39345,COSMOS 2251 DEB,DEBRIS,563.5,81.3,0.03105,0.808751,MEDIUM,0.129,95.78,1431,2026-05-01T06:06:59Z,MEDIUM
65025,IRIDIUM 33 DEB,DEBRIS,1414.0,153.13,0.00563,0.224379,SMALL,0.084,113.93,2705,2026-05-18T22:37:13Z,MEDIUM
23234,IRIDIUM 33 DEB,DEBRIS,1846.6,4.28,0.03779,0.013593,SMALL,0.045,123.56,8545,2026-05-19T13:14:42Z,LOW
89967,CZ-6A R/B,ROCKET_BODY,524.5,150.19,0.03847,1.253131,LARGE,2.88,94.97,6064,2026-05-14T00:29:04Z,MEDIUM
66282,CZ-6A DEB,DEBRIS,11680.0,52.13,0.03112,4e-05,MEDIUM,0.755,402.26,706,2026-05-22T07:11:27Z,LOW
44123,FALCON 9 R/B,ROCKET_BODY,624.3,121.18,0.01097,0.550766,LARGE,4.171,97.04,6470,2026-05-08T22:31:50Z,LOW
34522,COSMOS 2251 DEB,DEBRIS,1435.1,67.33,0.01478,0.152947,MEDIUM,0.487,114.4,1348,2026-05-02T05:05:31Z,MEDIUM
27690,COSMOS-8876,PAYLOAD,878.8,66.35,0.01886,0.642828,LARGE,7.448,102.39,2750,2026-05-04T22:45:10Z,MEDIUM
56324,ARIANE 5 R/B,ROCKET_BODY,570.2,5.71,0.00273,0.348597,LARGE,5.101,95.92,4350,2026-04-29T05:59:15Z,MEDIUM
43152,ONEWEB-497,PAYLOAD,427.4,76.28,0.02957,0.0,LARGE,3.525,92.98,3184,2026-05-22T00:29:33Z,LOW
83445,SL-16 R/B,ROCKET_BODY,35788.9,0.41,0.01699,8e-05,LARGE,4.136,1435.85,6293,2026-05-13T03:00:49Z,LOW
98641,COSMOS-6324,PAYLOAD,894.7,40.46,0.0093,0.0,MEDIUM,0.914,102.72,1432,2026-05-18T04:14:47Z,LOW
81210,STARLINK-5131,PAYLOAD,1676.3,44.52,0.0191,0.082654,LARGE,1.735,119.74,7897,2026-05-03T10:44:34Z,LOW
42865,COSMOS-9336,PAYLOAD,985.0,105.15,0.03987,0.546658,LARGE,7.199,104.65,5353,2026-05-16T13:02:26Z,LOW
73579,ATLAS 5 CENTAUR R/B,ROCKET_BODY,1056.2,57.2,0.01006,0.382084,LARGE,5.833,106.17,2771,2026-05-04T21:58:10Z,LOW
73965,COSMOS-5907,PAYLOAD,778.6,149.45,0.01148,0.732052,LARGE,1.199,100.27,8613,2026-05-08T09:07:13Z,LOW
54500,FENGYUN 1C DEB,DEBRIS,561.1,20.05,0.00657,0.888036,MEDIUM,0.203,95.73,4321,2026-05-14T13:18:46Z,MEDIUM
54858,FALCON 9 R/B,ROCKET_BODY,12938.4,50.21,0.00094,0.000103,LARGE,8.777,445.05,3767,2026-05-24T10:26:07Z,LOW
52184,ONEWEB-1891,PAYLOAD,821.7,28.81,0.00217,0.271221,MEDIUM,0.911,101.18,219,2026-05-11T17:54:10Z,LOW
95367,CZ-6A R/B,ROCKET_BODY,480.4,95.08,0.00151,0.917172,LARGE,8.518,94.07,8965,2026-05-16T07:15:02Z,MEDIUM
47906,IRIDIUM-5872,PAYLOAD,1418.9,99.46,0.00545,0.114197,LARGE,1.16,114.04,7622,2026-05-12T20:10:47Z,LOW
40458,NOAA 16 DEB,DEBRIS,15201.9,60.67,0.0158,5.4e-05,MEDIUM,0.976,525.56,1612,2026-05-07T17:00:35Z,LOW
65927,CZ-6A R/B,ROCKET_BODY,624.2,76.94,0.00799,0.561032,LARGE,4.475,97.04,8531,2026-05-22T23:26:57Z,LOW
93398,CZ-6A DEB,DEBRIS,898.6,91.71,0.00069,0.749022,SMALL,0.079,102.81,7171,2026-05-23T19:35:50Z,MEDIUM
65722,IRIDIUM-8750,PAYLOAD,541.0,32.57,0.01303,0.456069,LARGE,3.535,95.32,3805,2026-05-04T07:30:37Z,LOW
46521,ARIANE 5 R/B,ROCKET_BODY,550.3,83.34,0.02152,1.215214,LARGE,5.273,95.51,8355,2026-05-21T20:55:19Z,MEDIUM
89704,ATLAS 5 CENTAUR R/B,ROCKET_BODY,581.1,67.15,0.00612,0.848702,LARGE,7.678,96.15,5045,2026-05-08T12:52:48Z,MEDIUM
63322,IRIDIUM 33 DEB,DEBRIS,889.3,119.9,0.00381,0.367205,MEDIUM,0.374,102.61,6201,2026-05-17T04:46:29Z,MEDIUM
66441,FALCON 9 R/B,ROCKET_BODY,1388.0,78.27,0.02824,0.216196,LARGE,7.711,113.36,1673,2026-05-10T12:18:15Z,MEDIUM
93464,ATLAS 5 CENTAUR R/B,ROCKET_BODY,551.2,140.28,0.01706,0.761059,LARGE,8.231,95.53,1010,2026-05-18T00:14:13Z,HIGH
31826,PLANET-DOVE-2365,PAYLOAD,1184.6,76.68,0.04109,0.277825,LARGE,1.302,108.93,4763,2026-05-21T03:31:55Z,LOW
59118,KUIPER-8032,PAYLOAD,18534.1,58.73,0.02178,8.2e-05,MEDIUM,0.469,651.92,2959,2026-05-07T17:00:42Z,LOW
40350,SL-16 R/B,ROCKET_BODY,11751.9,54.21,0.00191,6.2e-05,LARGE,7.076,404.67,8835,2026-05-16T00:31:09Z,LOW
62591,CZ-6A R/B,ROCKET_BODY,1656.7,8.15,0.014,0.083274,LARGE,3.168,119.3,798,2026-05-10T05:17:32Z,LOW
92587,ONEWEB-5839,PAYLOAD,545.3,97.19,0.04876,0.0,MEDIUM,0.541,95.4,6872,2026-05-18T23:19:35Z,LOW
40415,COSMOS 2251 DEB,DEBRIS,1395.8,149.56,0.00507,0.242336,MEDIUM,0.513,113.53,5427,2026-04-30T17:54:50Z,MEDIUM
28285,COSMOS 2251 DEB,DEBRIS,16243.9,59.62,0.00502,9.3e-05,MEDIUM,0.845,564.09,7914,2026-05-16T20:55:36Z,LOW
64804,ONEWEB-767,PAYLOAD,898.3,78.8,0.00241,0.320746,LARGE,1.293,102.8,8983,2026-05-12T20:41:07Z,LOW
99443,FALCON 9 R/B,ROCKET_BODY,592.3,35.3,0.00691,0.853246,LARGE,2.653,96.38,7838,2026-05-08T13:01:13Z,MEDIUM
84941,ONEWEB-5094,PAYLOAD,866.7,155.43,0.00157,0.584726,LARGE,1.765,102.13,3391,2026-05-06T02:20:23Z,LOW
47783,COSMOS 2251 DEB,DEBRIS,610.2,10.22,0.00234,0.0,MEDIUM,0.184,96.75,6269,2026-05-16T01:12:02Z,LOW
81477,ONEWEB-8936,PAYLOAD,974.8,71.86,0.06558,0.306864,LARGE,1.553,104.43,1491,2026-05-05T10:09:20Z,LOW
81369,NOAA 16 DEB,DEBRIS,1701.2,154.19,0.00614,0.123474,MEDIUM,0.178,120.3,4388,2026-04-25T23:41:25Z,LOW
35209,COSMOS 2251 DEB,DEBRIS,35720.7,0.56,0.00536,8e-05,MEDIUM,0.431,1432.37,2439,2026-05-23T10:43:27Z,LOW
51144,FENGYUN 1C DEB,DEBRIS,1236.4,21.22,0.02577,0.379346,SMALL,0.092,110.06,2273,2026-05-08T10:27:59Z,LOW
55053,KUIPER-6839,PAYLOAD,17684.4,58.72,0.03118,0.0002,MEDIUM,0.878,618.84,5150,2026-04-29T22:38:38Z,LOW
92605,IRIDIUM 33 DEB,DEBRIS,964.5,108.01,0.00125,0.0,MEDIUM,0.398,104.21,1168,2026-05-01T18:29:46Z,LOW
48764,PLANET-DOVE-2288,PAYLOAD,808.3,27.37,0.02132,0.637025,LARGE,1.98,100.9,5133,2026-05-19T21:34:51Z,LOW
96782,COSMOS-3973,PAYLOAD,19547.7,60.16,0.01703,0.000126,LARGE,1.468,692.12,3626,2026-05-04T22:45:54Z,LOW
50893,ATLAS 5 CENTAUR R/B,ROCKET_BODY,642.6,78.87,0.02035,0.0,LARGE,2.758,97.43,2091,2026-05-03T10:39:26Z,LOW
32858,ONEWEB-4941,PAYLOAD,564.7,60.19,0.00645,0.582104,LARGE,1.494,95.81,5072,2026-05-09T14:52:09Z,LOW
79651,NOAA 16 DEB,DEBRIS,563.9,43.37,0.01869,1.119738,MEDIUM,0.491,95.79,6763,2026-04-25T20:37:55Z,HIGH
78397,FENGYUN 1C DEB,DEBRIS,918.3,148.2,0.00129,0.08637,MEDIUM,0.511,103.23,5501,2026-05-11T19:22:51Z,MEDIUM
84875,STARLINK-8229,PAYLOAD,526.6,71.4,0.03301,1.646197,MEDIUM,0.836,95.02,819,2026-04-26T05:08:00Z,LOW
58465,NOAA 16 DEB,DEBRIS,581.7,132.93,0.00862,0.310951,MEDIUM,0.177,96.16,5071,2026-05-20T01:37:57Z,MEDIUM
86972,COSMOS-554,PAYLOAD,590.7,79.26,0.03493,0.648165,LARGE,1.02,96.35,5618,2026-05-07T21:00:28Z,LOW
44592,FALCON 9 R/B,ROCKET_BODY,874.7,16.54,0.00997,0.103038,LARGE,6.867,102.3,6160,2026-05-01T13:07:06Z,HIGH
45747,ONEWEB-5914,PAYLOAD,516.4,79.29,0.02596,0.714618,LARGE,1.131,94.81,3848,2026-05-08T15:12:42Z,LOW
97156,FENGYUN 1C DEB,DEBRIS,599.3,91.38,0.00804,0.558509,MEDIUM,0.4,96.52,881,2026-04-30T06:24:44Z,MEDIUM
58155,PLANET-DOVE-6883,PAYLOAD,593.0,82.41,0.00951,0.065233,MEDIUM,0.484,96.39,1170,2026-05-04T14:34:50Z,LOW
82851,IRIDIUM-5171,PAYLOAD,871.0,146.92,0.00933,1.040723,LARGE,1.192,102.22,3007,2026-04-28T22:07:36Z,LOW
78007,CZ-6A R/B,ROCKET_BODY,11190.4,53.87,0.01823,0.00014,LARGE,3.29,386.01,5720,2026-05-15T01:31:16Z,LOW
45871,NOAA 16 DEB,DEBRIS,331.0,141.62,0.01001,0.667907,MEDIUM,0.174,91.01,6659,2026-05-24T06:48:55Z,LOW
77406,COSMOS 2251 DEB,DEBRIS,557.9,104.9,0.00978,1.028901,MEDIUM,0.167,95.67,6067,2026-05-09T13:26:48Z,HIGH
94650,COSMOS 2251 DEB,DEBRIS,1397.2,97.46,0.02261,0.335479,MEDIUM,0.604,113.56,2830,2026-04-27T22:59:24Z,MEDIUM
33448,NOAA 16 DEB,DEBRIS,19449.2,54.17,0.03963,8.8e-05,MEDIUM,0.427,688.18,3976,2026-04-27T05:21:41Z,LOW
38028,FENGYUN 1C DEB,DEBRIS,1422.4,51.81,0.00668,0.043017,SMALL,0.032,114.12,449,2026-05-19T23:09:19Z,MEDIUM
53598,SL-16 R/B,ROCKET_BODY,551.1,146.13,0.0317,0.742489,LARGE,3.53,95.52,7187,2026-05-05T10:36:40Z,HIGH
52912,PLANET-DOVE-3742,PAYLOAD,511.8,154.23,0.01499,0.0,LARGE,1.723,94.71,3200,2026-05-03T21:11:05Z,LOW
67634,IRIDIUM 33 DEB,DEBRIS,1360.8,48.1,0.00162,0.263013,MEDIUM,0.222,112.77,4598,2026-04-28T01:24:47Z,LOW
64907,IRIDIUM 33 DEB,DEBRIS,820.3,162.51,0.00238,0.007935,MEDIUM,0.348,101.15,4063,2026-05-14T21:53:25Z,HIGH
41453,PLANET-DOVE-6240,PAYLOAD,35857.2,0.5,0.01612,0.000115,LARGE,1.652,1439.34,2593,2026-04-26T21:17:57Z,LOW
30238,COSMOS-5537,PAYLOAD,513.3,76.41,0.00413,0.699477,LARGE,1.047,94.74,1538,2026-05-22T02:59:17Z,LOW
34891,CZ-6A DEB,DEBRIS,523.7,163.62,0.00038,0.872687,MEDIUM,0.125,94.96,8583,2026-05-01T05:58:50Z,HIGH
38161,COSMOS-1793,PAYLOAD,1602.3,21.68,0.003,0.096254,MEDIUM,0.931,118.09,1101,2026-04-27T01:42:53Z,LOW
52078,IRIDIUM 33 DEB,DEBRIS,1399.1,5.04,0.0344,0.306061,SMALL,0.017,113.61,8498,2026-05-16T00:24:51Z,MEDIUM
37031,KUIPER-1210,PAYLOAD,1183.3,62.62,0.0056,0.328987,LARGE,2.203,108.91,1045,2026-05-05T15:00:31Z,LOW
33939,ONEWEB-9950,PAYLOAD,1714.9,101.78,0.01971,0.131186,LARGE,1.444,120.6,887,2026-05-15T21:07:16Z,LOW
98314,NOAA 16 DEB,DEBRIS,528.0,63.26,0.01892,0.179418,MEDIUM,0.242,95.05,8130,2026-04-26T04:38:37Z,MEDIUM
37328,STARLINK-2202,PAYLOAD,1451.3,169.57,0.00778,0.296436,MEDIUM,0.582,114.75,8516,2026-05-20T20:12:00Z,LOW
91885,PLANET-DOVE-7846,PAYLOAD,35755.6,0.41,0.01759,0.000106,LARGE,1.848,1434.15,8060,2026-05-04T07:01:21Z,LOW
81894,ATLAS 5 CENTAUR R/B,ROCKET_BODY,840.6,50.62,0.02625,0.829599,LARGE,5.532,101.58,6986,2026-05-17T16:37:18Z,HIGH
63034,NOAA 16 DEB,DEBRIS,1384.8,114.27,0.01771,0.362944,MEDIUM,0.641,113.29,4448,2026-05-23T01:40:46Z,MEDIUM
70797,IRIDIUM-8777,PAYLOAD,566.9,0.7,0.01869,0.838078,LARGE,1.839,95.85,986,2026-05-11T01:33:24Z,LOW
47224,IRIDIUM-4809,PAYLOAD,485.7,130.96,0.00236,1.188197,LARGE,1.086,94.17,5336,2026-05-05T00:30:56Z,LOW
70597,CZ-6A DEB,DEBRIS,1372.3,67.94,0.01087,0.0,MEDIUM,0.693,113.02,4688,2026-05-04T09:04:50Z,MEDIUM
58098,IRIDIUM 33 DEB,DEBRIS,1434.3,175.99,0.00876,0.13333,MEDIUM,0.461,114.38,6628,2026-05-15T14:10:23Z,MEDIUM
58072,ATLAS 5 CENTAUR R/B,ROCKET_BODY,789.2,124.46,0.01705,0.735111,LARGE,3.889,100.5,343,2026-04-25T04:11:03Z,MEDIUM
62215,KUIPER-9585,PAYLOAD,16135.0,53.32,0.01709,0.000203,MEDIUM,0.947,560.02,723,2026-04-29T09:45:37Z,LOW
36939,IRIDIUM-156,PAYLOAD,17820.4,54.79,0.04712,4.4e-05,LARGE,2.086,624.1,5312,2026-05-14T09:56:20Z,LOW
31219,IRIDIUM-2593,PAYLOAD,589.1,15.87,0.00019,0.5088,LARGE,2.598,96.31,7701,2026-04-25T18:29:21Z,LOW
98230,ONEWEB-8823,PAYLOAD,602.9,171.47,0.01536,0.0,LARGE,2.57,96.6,8400,2026-05-03T16:35:36Z,LOW
54805,IRIDIUM 33 DEB,DEBRIS,1221.1,123.13,0.00321,0.2688,MEDIUM,0.912,109.72,5132,2026-05-14T10:19:49Z,LOW
97542,PLANET-DOVE-3757,PAYLOAD,860.2,76.97,0.00572,0.0,LARGE,1.843,101.99,3332,2026-05-02T12:04:19Z,LOW
53117,ATLAS 5 CENTAUR R/B,ROCKET_BODY,35765.2,0.07,0.02001,7.4e-05,LARGE,3.912,1434.64,4264,2026-05-22T22:07:36Z,LOW
49321,CZ-6A DEB,DEBRIS,889.2,157.26,0.00662,0.640363,MEDIUM,0.461,102.61,4592,2026-05-24T05:52:27Z,HIGH
37564,ARIANE 5 R/B,ROCKET_BODY,35834.7,0.25,0.03516,8.9e-05,LARGE,3.659,1438.19,5583,2026-04-26T00:11:22Z,LOW
37143,ONEWEB-5655,PAYLOAD,833.7,127.2,0.02754,0.539364,LARGE,3.547,101.43,2071,2026-04-30T05:27:10Z,MEDIUM
23089,IRIDIUM 33 DEB,DEBRIS,880.4,137.4,0.00263,0.330584,MEDIUM,0.168,102.42,3517,2026-05-22T05:20:52Z,MEDIUM
46716,IRIDIUM 33 DEB,DEBRIS,826.5,53.04,0.00104,0.476176,MEDIUM,0.31,101.28,4882,2026-04-25T23:21:10Z,HIGH
63003,NOAA 16 DEB,DEBRIS,833.3,90.88,0.05201,0.128128,MEDIUM,0.194,101.43,7661,2026-05-09T14:23:32Z,HIGH
66395,STARLINK-5509,PAYLOAD,1034.3,40.14,0.00153,0.403946,LARGE,2.794,105.7,7229,2026-05-23T11:33:39Z,LOW
69767,COSMOS-8969,PAYLOAD,782.8,68.21,0.02207,0.006838,MEDIUM,0.472,100.36,6791,2026-05-12T15:45:15Z,LOW
23499,COSMOS 2251 DEB,DEBRIS,502.0,173.72,0.00942,0.0,MEDIUM,0.48,94.51,1960,2026-05-04T04:19:29Z,MEDIUM
73332,ONEWEB-999,PAYLOAD,35771.0,0.72,0.00806,7.6e-05,LARGE,3.136,1434.94,3676,2026-04-25T04:34:41Z,LOW
58244,COSMOS-207,PAYLOAD,843.6,152.39,0.01892,0.352915,LARGE,4.778,101.64,4994,2026-05-06T19:15:44Z,MEDIUM
83466,FALCON 9 R/B,ROCKET_BODY,805.5,97.31,0.03293,0.50099,LARGE,5.632,100.84,8710,2026-05-11T06:09:59Z,MEDIUM
55646,COSMOS 2251 DEB,DEBRIS,1362.1,43.03,0.00447,0.103936,MEDIUM,0.41,112.8,3211,2026-04-27T10:16:23Z,MEDIUM
77145,IRIDIUM 33 DEB,DEBRIS,588.5,128.32,0.05061,1.317786,MEDIUM,0.164,96.3,8267,2026-05-10T20:19:59Z,MEDIUM
76474,IRIDIUM-6875,PAYLOAD,10548.5,53.32,0.00965,8.8e-05,LARGE,1.374,365.04,6738,2026-05-07T02:55:37Z,LOW
31347,FENGYUN 1C DEB,DEBRIS,914.5,31.83,0.0212,0.409272,MEDIUM,0.626,103.15,5715,2026-05-04T18:35:51Z,MEDIUM
80268,STARLINK-3245,PAYLOAD,1413.8,74.24,0.00624,0.174735,MEDIUM,0.667,113.93,6327,2026-05-24T03:59:57Z,LOW
93942,FALCON 9 R/B,ROCKET_BODY,1386.5,114.27,0.00245,0.261914,LARGE,2.215,113.33,7143,2026-05-21T19:27:14Z,MEDIUM
62520,NOAA 16 DEB,DEBRIS,1426.8,132.36,0.01684,0.205738,MEDIUM,0.245,114.21,6298,2026-05-15T19:41:39Z,MEDIUM
92531,STARLINK-771,PAYLOAD,1391.6,43.78,0.01394,0.205133,LARGE,1.489,113.44,6063,2026-05-12T17:25:27Z,LOW
76951,IRIDIUM-9789,PAYLOAD,15162.7,56.24,0.00096,9.5e-05,MEDIUM,0.75,524.13,3418,2026-05-09T05:09:13Z,LOW
61482,ARIANE 5 R/B,ROCKET_BODY,536.8,68.32,0.00178,0.0,LARGE,8.354,95.23,3868,2026-04-27T02:38:54Z,HIGH
56343,IRIDIUM 33 DEB,DEBRIS,816.5,48.8,0.00396,0.0,MEDIUM,0.311,101.07,5405,2026-05-04T05:22:46Z,HIGH
37052,SL-16 R/B,ROCKET_BODY,899.3,35.12,0.02123,0.351501,LARGE,9.772,102.82,7596,2026-04-25T07:30:37Z,HIGH
36474,IRIDIUM 33 DEB,DEBRIS,461.1,144.75,0.01783,0.673849,MEDIUM,0.632,93.67,5870,2026-05-05T23:33:05Z,LOW
80958,IRIDIUM 33 DEB,DEBRIS,35767.2,0.79,0.02833,7e-05,MEDIUM,0.317,1434.74,8890,2026-05-09T05:01:05Z,LOW
66356,FALCON 9 R/B,ROCKET_BODY,1856.0,87.01,0.00162,0.075668,LARGE,2.795,123.77,6136,2026-05-13T08:05:03Z,LOW
91989,IRIDIUM 33 DEB,DEBRIS,833.8,40.11,0.02905,0.554208,MEDIUM,0.514,101.44,3685,2026-05-05T15:34:10Z,HIGH
34827,IRIDIUM-7229,PAYLOAD,535.6,123.5,0.02228,0.170598,MEDIUM,0.62,95.2,5190,2026-05-02T15:12:14Z,LOW
68207,ONEWEB-839,PAYLOAD,1524.2,140.59,0.02277,0.129147,LARGE,1.327,116.36,5621,2026-05-16T07:12:27Z,LOW
24937,FENGYUN 1C DEB,DEBRIS,35786.8,0.45,0.01928,0.000144,MEDIUM,0.164,1435.74,7805,2026-04-29T13:24:07Z,LOW
99463,IRIDIUM 33 DEB,DEBRIS,1375.0,170.11,0.00518,0.205372,MEDIUM,0.232,113.08,2325,2026-04-28T18:17:59Z,MEDIUM
48590,IRIDIUM-7875,PAYLOAD,1376.2,5.51,0.02905,0.0,MEDIUM,0.624,113.1,2261,2026-05-15T21:17:04Z,LOW
52257,FALCON 9 R/B,ROCKET_BODY,845.4,23.93,0.00704,0.487133,LARGE,6.513,101.68,1840,2026-05-12T13:49:28Z,HIGH
34018,IRIDIUM 33 DEB,DEBRIS,1182.2,105.98,0.00453,0.02726,MEDIUM,0.553,108.88,530,2026-05-21T02:01:05Z,LOW
91068,NOAA 16 DEB,DEBRIS,834.5,126.25,0.00068,0.315894,MEDIUM,0.411,101.45,6084,2026-05-17T04:01:55Z,HIGH
20084,CZ-6A DEB,DEBRIS,794.9,45.12,0.01646,0.67366,SMALL,0.09,100.62,8663,2026-05-22T01:06:28Z,MEDIUM
72189,ATLAS 5 CENTAUR R/B,ROCKET_BODY,519.7,99.73,0.00455,0.787985,LARGE,1.996,94.88,5535,2026-05-14T22:21:31Z,MEDIUM
32907,COSMOS-1606,PAYLOAD,894.8,57.31,0.00567,0.004677,LARGE,3.687,102.73,574,2026-05-20T05:49:16Z,MEDIUM
45570,ARIANE 5 R/B,ROCKET_BODY,1402.6,99.74,0.02191,0.094966,LARGE,3.207,113.68,3301,2026-04-30T01:47:50Z,MEDIUM
58807,IRIDIUM 33 DEB,DEBRIS,865.8,118.68,0.00643,0.038624,MEDIUM,0.114,102.11,8129,2026-05-10T22:01:54Z,HIGH
91026,FENGYUN 1C DEB,DEBRIS,840.9,175.11,0.02855,0.0,SMALL,0.089,101.59,494,2026-05-23T08:03:44Z,HIGH
69177,FALCON 9 R/B,ROCKET_BODY,1656.6,82.03,0.00682,0.111606,LARGE,2.289,119.3,5522,2026-05-18T15:57:29Z,LOW
94046,STARLINK-9814,PAYLOAD,1458.7,116.68,0.0098,0.193718,MEDIUM,0.744,114.92,3982,2026-05-07T02:12:47Z,LOW
56613,IRIDIUM-7870,PAYLOAD,543.4,104.05,0.02972,0.842739,LARGE,1.51,95.37,8271,2026-05-22T18:58:34Z,LOW
71302,IRIDIUM 33 DEB,DEBRIS,764.3,57.16,0.0067,0.628016,MEDIUM,0.225,99.97,4633,2026-05-04T09:00:29Z,MEDIUM
83493,FENGYUN 1C DEB,DEBRIS,1438.4,45.55,0.0334,0.148896,MEDIUM,0.27,114.47,5097,2026-04-25T16:49:15Z,MEDIUM
61331,IRIDIUM-6565,PAYLOAD,1312.4,177.82,0.03307,0.154664,LARGE,1.588,111.71,6508,2026-05-18T21:31:57Z,LOW
28214,ONEWEB-7192,PAYLOAD,1862.7,37.23,0.00612,0.026334,MEDIUM,0.752,123.92,7394,2026-05-07T08:42:38Z,LOW
95585,CZ-6A R/B,ROCKET_BODY,938.5,142.25,0.02497,0.253915,LARGE,6.435,103.66,4654,2026-04-26T00:41:54Z,MEDIUM
88029,PLANET-DOVE-7515,PAYLOAD,16350.8,57.04,0.05079,0.000114,LARGE,1.626,568.1,6499,2026-05-01T02:58:13Z,LOW
69743,FENGYUN 1C DEB,DEBRIS,1400.0,144.78,0.01275,0.078805,SMALL,0.031,113.63,7254,2026-04-27T03:49:02Z,MEDIUM
35056,ONEWEB-1716,PAYLOAD,859.1,33.43,0.00148,0.414844,LARGE,3.479,101.97,4740,2026-05-24T21:40:24Z,MEDIUM
94117,PLANET-DOVE-2431,PAYLOAD,623.2,174.09,0.02412,0.54228,LARGE,2.273,97.02,6453,2026-05-20T10:20:50Z,LOW
47527,CZ-6A DEB,DEBRIS,861.8,123.48,0.01905,1.113002,LARGE,2.699,102.03,3289,2026-05-22T21:17:15Z,HIGH
49705,COSMOS-924,PAYLOAD,1316.8,16.22,0.03122,0.035359,LARGE,1.29,111.81,3214,2026-04-30T11:03:13Z,LOW
65765,KUIPER-7139,PAYLOAD,13129.7,46.5,0.00825,7.9e-05,LARGE,11.896,451.68,55,2026-05-19T01:34:25Z,LOW
50935,ONEWEB-8806,PAYLOAD,861.4,108.65,0.01137,0.057185,MEDIUM,0.702,102.02,6034,2026-05-11T21:53:20Z,LOW
35098,PLANET-DOVE-8183,PAYLOAD,736.9,60.76,0.01872,0.370461,LARGE,1.139,99.4,2280,2026-05-03T21:02:00Z,LOW
51501,ONEWEB-187,PAYLOAD,551.5,46.93,0.01833,0.520647,LARGE,3.099,95.53,7330,2026-05-15T01:35:27Z,LOW
50503,STARLINK-5442,PAYLOAD,858.6,129.38,0.00454,0.59397,LARGE,2.792,101.96,8567,2026-05-23T13:30:49Z,MEDIUM
55489,PLANET-DOVE-9141,PAYLOAD,14402.8,54.62,0.01062,6.1e-05,LARGE,2.319,496.63,7886,2026-05-08T19:34:23Z,LOW
50732,KUIPER-6026,PAYLOAD,849.0,58.9,0.00207,0.354541,LARGE,2.645,101.76,2500,2026-04-25T21:03:37Z,MEDIUM
90582,ATLAS 5 CENTAUR R/B,ROCKET_BODY,848.2,157.72,2e-05,0.297503,LARGE,8.563,101.74,5877,2026-05-20T06:32:47Z,HIGH
65204,COSMOS 2251 DEB,DEBRIS,571.5,48.39,0.01236,0.101364,MEDIUM,0.488,95.95,6774,2026-04-30T15:23:18Z,MEDIUM
27952,STARLINK-2025,PAYLOAD,531.0,12.58,0.02081,0.414217,LARGE,1.429,95.11,4569,2026-04-30T11:27:03Z,LOW
23585,STARLINK-6880,PAYLOAD,1343.1,107.98,0.03479,0.135501,LARGE,3.944,112.38,4591,2026-05-13T12:08:56Z,LOW
65614,FALCON 9 R/B,ROCKET_BODY,955.8,19.27,0.00613,0.350058,LARGE,5.276,104.02,3958,2026-05-18T23:13:28Z,LOW
52174,CZ-6A DEB,DEBRIS,524.9,49.8,0.01607,0.917937,MEDIUM,0.169,94.98,2797,2026-05-18T18:57:53Z,MEDIUM
83727,FENGYUN 1C DEB,DEBRIS,35849.6,0.45,0.01364,3e-06,MEDIUM,0.194,1438.95,5172,2026-05-21T00:55:37Z,LOW
47096,KUIPER-7222,PAYLOAD,553.5,51.54,0.00516,0.55624,LARGE,2.461,95.57,8920,2026-05-21T12:12:51Z,LOW
34965,KUIPER-6518,PAYLOAD,797.7,38.7,0.02553,0.0,LARGE,2.058,100.67,1993,2026-04-28T20:22:39Z,LOW
72078,COSMOS-6298,PAYLOAD,554.1,126.57,0.02103,0.866786,LARGE,2.13,95.59,451,2026-05-04T00:21:58Z,LOW
39664,IRIDIUM-1890,PAYLOAD,1367.3,98.46,0.01062,0.09834,MEDIUM,0.786,112.91,534,2026-05-16T14:29:29Z,LOW
80126,SL-16 R/B,ROCKET_BODY,15653.8,58.51,0.03778,0.00015,LARGE,8.487,542.16,5251,2026-05-06T17:22:45Z,LOW
56822,ATLAS 5 CENTAUR R/B,ROCKET_BODY,1384.5,104.62,0.03316,0.293652,LARGE,2.855,113.29,2451,2026-05-16T11:30:39Z,MEDIUM
28243,STARLINK-1093,PAYLOAD,586.6,87.02,0.01235,0.550299,LARGE,2.332,96.26,4169,2026-05-08T15:28:32Z,LOW
59386,STARLINK-6258,PAYLOAD,15636.0,51.27,0.0044,3e-06,LARGE,3.295,541.5,8557,2026-05-08T13:00:37Z,LOW
95534,ARIANE 5 R/B,ROCKET_BODY,866.5,142.57,0.0388,0.385106,LARGE,11.708,102.13,716,2026-04-25T19:25:16Z,HIGH
99439,COSMOS-1608,PAYLOAD,569.9,35.44,0.03148,0.771162,MEDIUM,0.675,95.91,1596,2026-05-13T05:59:43Z,LOW
39000,IRIDIUM 33 DEB,DEBRIS,35917.7,0.64,0.00495,8.8e-05,LARGE,1.122,1442.43,1950,2026-05-20T22:03:28Z,LOW
39208,COSMOS-5973,PAYLOAD,488.0,151.49,0.04441,0.483617,LARGE,10.255,94.22,4129,2026-05-19T13:26:41Z,LOW
81222,IRIDIUM 33 DEB,DEBRIS,1278.9,133.41,0.00897,0.261784,MEDIUM,0.11,110.98,6257,2026-05-05T03:19:22Z,LOW
69935,IRIDIUM-3314,PAYLOAD,35832.8,0.18,0.02228,6.8e-05,MEDIUM,0.206,1438.09,1674,2026-05-15T07:15:16Z,LOW
35713,NOAA 16 DEB,DEBRIS,10427.0,56.76,0.0046,0.00018,SMALL,0.083,361.12,1001,2026-04-30T23:28:49Z,LOW
87626,IRIDIUM 33 DEB,DEBRIS,808.3,22.91,0.0061,0.003241,LARGE,1.028,100.9,799,2026-05-14T00:09:13Z,HIGH
72859,COSMOS 2251 DEB,DEBRIS,1708.9,89.99,0.02929,0.121707,MEDIUM,0.198,120.47,7215,2026-05-07T06:37:18Z,LOW
82886,FENGYUN 1C DEB,DEBRIS,585.8,134.34,0.00192,0.335124,LARGE,1.296,96.24,295,2026-05-22T19:13:22Z,MEDIUM
69973,CZ-6A DEB,DEBRIS,14482.7,49.15,0.0088,0.000103,MEDIUM,0.143,499.5,5636,2026-05-16T07:36:20Z,LOW
93631,COSMOS 2251 DEB,DEBRIS,570.2,3.11,0.03336,0.695226,MEDIUM,0.272,95.92,5217,2026-04-27T04:46:57Z,MEDIUM
31368,COSMOS 2251 DEB,DEBRIS,820.1,33.17,0.00591,0.0,MEDIUM,0.942,101.15,934,2026-05-21T03:03:33Z,HIGH
23908,COSMOS-4902,PAYLOAD,855.3,105.98,0.02682,0.415614,LARGE,3.789,101.89,4986,2026-05-16T17:23:11Z,MEDIUM
76119,ARIANE 5 R/B,ROCKET_BODY,35850.3,0.74,0.0087,0.000181,LARGE,5.49,1438.99,2602,2026-05-01T11:04:15Z,LOW
96044,FALCON 9 R/B,ROCKET_BODY,12180.9,53.9,0.03313,0.000179,LARGE,5.167,419.12,4649,2026-05-03T11:26:11Z,LOW
33686,CZ-6A DEB,DEBRIS,835.0,7.8,0.01047,0.438842,MEDIUM,0.183,101.46,1260,2026-04-30T04:16:52Z,HIGH
37013,ATLAS 5 CENTAUR R/B,ROCKET_BODY,551.0,47.04,0.0137,0.0,LARGE,4.348,95.52,6020,2026-05-04T07:20:24Z,HIGH
55945,KUIPER-161,PAYLOAD,35770.0,0.2,0.00763,5e-05,LARGE,1.118,1434.88,7184,2026-05-23T07:31:25Z,LOW
60298,COSMOS 2251 DEB,DEBRIS,35729.4,0.28,0.00511,6.7e-05,MEDIUM,0.509,1432.81,58,2026-05-22T01:36:06Z,LOW
24745,PLANET-DOVE-1494,PAYLOAD,1850.4,22.27,0.00497,0.020982,LARGE,7.395,123.65,4810,2026-05-11T12:38:34Z,LOW
72540,COSMOS-4070,PAYLOAD,486.4,116.68,0.00385,0.38652,LARGE,1.021,94.19,5837,2026-05-05T20:47:08Z,LOW
83323,ARIANE 5 R/B,ROCKET_BODY,889.3,139.9,0.02419,0.426455,LARGE,5.726,102.61,55,2026-05-05T23:21:21Z,MEDIUM
59636,ARIANE 5 R/B,ROCKET_BODY,547.2,174.69,0.00094,0.932467,LARGE,3.382,95.44,6524,2026-05-23T17:00:12Z,MEDIUM
47103,STARLINK-2221,PAYLOAD,833.0,170.71,0.02493,0.290909,LARGE,2.268,101.42,4899,2026-04-30T23:30:36Z,MEDIUM
73802,PLANET-DOVE-1829,PAYLOAD,530.4,49.21,0.02859,1.018506,LARGE,2.854,95.1,2777,2026-05-17T17:24:45Z,LOW
96372,COSMOS-9447,PAYLOAD,1412.5,5.29,0.02953,0.0,LARGE,8.114,113.9,4360,2026-05-24T20:34:42Z,LOW
26160,KUIPER-9503,PAYLOAD,19350.3,54.57,0.01736,0.00016,LARGE,4.414,684.23,6148,2026-05-20T15:48:27Z,LOW
52392,STARLINK-1577,PAYLOAD,818.7,127.53,0.01803,0.0,LARGE,1.881,101.12,5798,2026-05-16T13:48:45Z,LOW
30479,FENGYUN 1C DEB,DEBRIS,1955.2,10.76,0.011,0.029252,SMALL,0.083,126.02,6996,2026-05-21T23:51:38Z,LOW
25040,PLANET-DOVE-1872,PAYLOAD,864.2,64.75,0.00773,0.743838,LARGE,5.139,102.08,342,2026-05-01T12:52:38Z,MEDIUM
94498,IRIDIUM 33 DEB,DEBRIS,868.2,53.65,0.00371,0.86684,LARGE,1.446,102.16,7092,2026-05-24T12:17:29Z,HIGH
95024,NOAA 16 DEB,DEBRIS,1393.0,39.48,0.01377,0.184524,MEDIUM,0.545,113.47,347,2026-04-27T17:42:24Z,MEDIUM
49811,FALCON 9 R/B,ROCKET_BODY,809.8,127.1,0.00817,0.263778,LARGE,3.474,100.93,5860,2026-04-25T09:57:50Z,MEDIUM
57423,KUIPER-5036,PAYLOAD,553.3,118.64,0.04919,0.568437,MEDIUM,0.686,95.57,3163,2026-04-30T23:28:59Z,LOW
89322,CZ-6A R/B,ROCKET_BODY,498.7,96.39,0.00147,0.922025,LARGE,4.93,94.44,601,2026-05-13T06:25:45Z,MEDIUM
31091,NOAA 16 DEB,DEBRIS,19961.1,54.56,0.0135,0.000192,MEDIUM,0.227,708.74,6206,2026-05-02T10:22:28Z,LOW
72013,IRIDIUM 33 DEB,DEBRIS,376.4,18.56,0.03781,0.578009,LARGE,1.905,91.93,4986,2026-05-14T00:07:41Z,LOW
26414,FENGYUN 1C DEB,DEBRIS,13056.4,56.87,0.03873,0.0001,MEDIUM,0.254,449.14,6009,2026-04-28T07:58:54Z,LOW
93286,ATLAS 5 CENTAUR R/B,ROCKET_BODY,11786.9,53.11,0.02226,0.000114,LARGE,4.169,405.84,3402,2026-05-15T21:53:28Z,LOW
91450,CZ-6A DEB,DEBRIS,12238.9,47.5,0.00199,5.1e-05,MEDIUM,0.286,421.09,2526,2026-05-01T21:20:56Z,LOW
36376,KUIPER-156,PAYLOAD,1701.7,105.13,0.02632,0.097463,LARGE,1.909,120.31,5633,2026-05-10T16:53:49Z,LOW
83030,FENGYUN 1C DEB,DEBRIS,1015.5,13.33,0.0354,0.355015,SMALL,0.095,105.3,1968,2026-04-28T12:04:52Z,LOW
78977,IRIDIUM-7444,PAYLOAD,837.3,172.52,0.02526,0.255251,LARGE,1.118,101.51,7314,2026-05-24T02:34:23Z,MEDIUM
28295,CZ-6A DEB,DEBRIS,856.2,54.91,0.01201,0.414014,MEDIUM,0.894,101.91,6157,2026-05-06T07:58:00Z,HIGH
67237,COSMOS 2251 DEB,DEBRIS,618.4,64.62,0.00832,0.802771,MEDIUM,0.341,96.92,8997,2026-05-13T03:23:42Z,MEDIUM
58027,PLANET-DOVE-5833,PAYLOAD,35838.3,0.52,0.03261,0.000126,LARGE,4.364,1438.37,273,2026-05-09T14:03:38Z,LOW
73978,NOAA 16 DEB,DEBRIS,1412.3,170.13,0.02923,0.144771,MEDIUM,0.187,113.9,5282,2026-05-12T20:36:57Z,MEDIUM
42536,COSMOS-7562,PAYLOAD,561.9,119.28,0.02816,0.63028,LARGE,1.755,95.75,5024,2026-05-08T15:48:18Z,MEDIUM
38458,FENGYUN 1C DEB,DEBRIS,537.1,171.86,0.01413,1.290873,MEDIUM,0.267,95.24,7722,2026-04-27T04:40:24Z,MEDIUM
92972,PLANET-DOVE-7342,PAYLOAD,829.1,33.77,0.00198,0.277603,MEDIUM,0.958,101.34,3834,2026-05-19T21:01:52Z,LOW
53434,COSMOS 2251 DEB,DEBRIS,473.5,111.39,0.02034,0.153813,MEDIUM,0.134,93.92,8429,2026-05-14T06:34:45Z,LOW
79003,STARLINK-9928,PAYLOAD,883.9,149.2,0.02132,0.434624,LARGE,1.605,102.5,2174,2026-05-02T14:52:36Z,LOW
86637,FENGYUN 1C DEB,DEBRIS,1839.5,91.62,0.00119,0.126481,MEDIUM,0.614,123.4,7692,2026-04-27T12:30:08Z,LOW
55485,IRIDIUM 33 DEB,DEBRIS,543.7,65.19,0.00202,0.810517,SMALL,0.06,95.37,4697,2026-05-21T14:42:27Z,MEDIUM
46160,SL-16 R/B,ROCKET_BODY,1395.2,177.26,0.02767,0.151783,LARGE,4.644,113.52,8496,2026-05-04T23:26:05Z,MEDIUM
25149,IRIDIUM 33 DEB,DEBRIS,575.8,25.38,0.03828,0.082703,MEDIUM,0.124,96.04,1977,2026-05-22T05:50:54Z,MEDIUM
23090,NOAA 16 DEB,DEBRIS,1345.6,73.97,0.00999,0.168922,LARGE,1.241,112.43,2364,2026-05-17T23:25:35Z,MEDIUM
87608,IRIDIUM 33 DEB,DEBRIS,35799.7,0.43,0.00027,7.7e-05,MEDIUM,0.672,1436.4,5091,2026-05-23T19:03:20Z,LOW
73603,ONEWEB-4000,PAYLOAD,1379.4,162.09,0.01202,0.042943,LARGE,4.337,113.17,4979,2026-05-14T19:07:38Z,LOW
23210,SL-16 R/B,ROCKET_BODY,810.2,176.47,0.01473,0.364528,LARGE,3.229,100.94,1366,2026-04-30T10:18:28Z,HIGH
56796,IRIDIUM-140,PAYLOAD,1462.0,159.27,0.00545,0.110662,LARGE,4.039,114.99,5872,2026-04-26T01:30:43Z,LOW
53740,COSMOS 2251 DEB,DEBRIS,1708.4,9.17,0.04267,0.055594,SMALL,0.098,120.46,3669,2026-05-02T08:56:26Z,LOW
54834,STARLINK-2475,PAYLOAD,1949.2,167.36,0.01344,0.073535,LARGE,2.261,125.88,1386,2026-05-08T04:16:15Z,LOW
22104,SL-16 R/B,ROCKET_BODY,797.0,77.07,0.01563,0.552952,LARGE,5.493,100.66,4608,2026-05-13T17:09:33Z,MEDIUM
71284,ARIANE 5 R/B,ROCKET_BODY,35672.2,0.15,0.04018,0.000178,LARGE,10.909,1429.89,6289,2026-05-21T21:02:13Z,LOW
55858,ATLAS 5 CENTAUR R/B,ROCKET_BODY,845.4,70.97,0.00398,0.166777,LARGE,8.342,101.68,314,2026-04-29T05:26:31Z,HIGH
39036,ARIANE 5 R/B,ROCKET_BODY,1383.5,146.46,0.00323,0.002039,LARGE,8.419,113.26,8285,2026-05-14T01:10:06Z,MEDIUM
57588,CZ-6A DEB,DEBRIS,503.6,103.67,0.02007,0.824376,MEDIUM,0.998,94.54,5508,2026-04-27T13:38:50Z,MEDIUM
70837,IRIDIUM 33 DEB,DEBRIS,1769.6,152.2,0.00155,0.060139,SMALL,0.072,121.83,2365,2026-05-09T10:38:28Z,LOW
76183,SL-16 R/B,ROCKET_BODY,560.9,34.88,0.02478,1.361416,LARGE,4.252,95.73,6760,2026-04-27T05:03:43Z,MEDIUM
28930,ARIANE 5 R/B,ROCKET_BODY,1618.9,33.3,0.01996,0.236522,LARGE,2.333,118.46,7597,2026-05-06T05:11:54Z,LOW
63718,NOAA 16 DEB,DEBRIS,525.8,79.27,0.0134,1.506188,MEDIUM,0.569,95.0,8605,2026-05-13T04:25:39Z,HIGH
97651,COSMOS-2333,PAYLOAD,575.3,0.86,0.00054,0.275519,LARGE,2.188,96.03,7119,2026-05-17T04:02:02Z,LOW
85403,COSMOS-4001,PAYLOAD,1207.2,124.71,0.00299,0.295785,LARGE,2.388,109.42,1852,2026-05-19T03:22:05Z,LOW
33610,KUIPER-761,PAYLOAD,1192.4,53.29,0.02023,0.344062,LARGE,1.36,109.1,1497,2026-05-10T17:38:34Z,LOW
81103,CZ-6A DEB,DEBRIS,1745.7,100.31,0.01772,0.130748,MEDIUM,0.66,121.29,1901,2026-05-02T18:23:51Z,LOW
44699,ATLAS 5 CENTAUR R/B,ROCKET_BODY,1993.4,12.6,0.00908,0.046822,LARGE,1.976,126.89,7883,2026-05-22T09:22:20Z,LOW
68972,CZ-6A DEB,DEBRIS,905.9,30.72,0.01899,0.643864,MEDIUM,0.16,102.96,2764,2026-05-23T00:08:39Z,HIGH
94291,FENGYUN 1C DEB,DEBRIS,556.4,112.11,0.03065,0.652432,MEDIUM,0.314,95.63,2993,2026-05-24T00:39:10Z,MEDIUM
37844,COSMOS-3485,PAYLOAD,594.8,55.02,0.0187,0.658836,LARGE,1.772,96.43,8020,2026-05-18T18:11:36Z,LOW
49563,IRIDIUM 33 DEB,DEBRIS,35759.8,0.45,0.02848,5.4e-05,LARGE,1.055,1434.36,1861,2026-05-18T08:04:36Z,LOW
94247,FENGYUN 1C DEB,DEBRIS,812.4,41.19,0.00265,0.590398,MEDIUM,0.567,100.98,3679,2026-04-27T07:46:17Z,HIGH
86528,STARLINK-339,PAYLOAD,517.7,38.67,0.01827,0.587001,LARGE,1.908,94.83,2688,2026-05-12T04:14:46Z,LOW
80067,KUIPER-4225,PAYLOAD,1755.5,112.11,0.03362,0.113058,LARGE,1.157,121.51,2737,2026-05-07T05:15:29Z,LOW
49724,ONEWEB-7996,PAYLOAD,14873.1,59.12,0.01814,6.3e-05,LARGE,1.489,513.59,5372,2026-05-02T18:27:11Z,LOW
99010,COSMOS-3708,PAYLOAD,558.8,65.29,0.028,0.720169,MEDIUM,0.948,95.68,6678,2026-04-27T00:58:14Z,LOW
23474,STARLINK-3921,PAYLOAD,552.3,123.82,0.00767,0.638706,LARGE,1.778,95.55,2408,2026-05-01T09:35:37Z,LOW
96680,CZ-6A DEB,DEBRIS,533.7,92.46,0.00327,0.997099,MEDIUM,0.822,95.16,370,2026-05-22T10:56:23Z,MEDIUM
21151,ATLAS 5 CENTAUR R/B,ROCKET_BODY,18920.0,49.57,0.02509,9.4e-05,LARGE,10.816,667.13,5765,2026-05-22T06:14:56Z,LOW
98807,COSMOS-6168,PAYLOAD,514.5,45.16,0.01552,0.088744,MEDIUM,0.404,94.77,4952,2026-05-17T06:49:03Z,LOW
59981,CZ-6A DEB,DEBRIS,35779.4,1.25,0.03483,4.7e-05,MEDIUM,0.658,1435.36,5941,2026-04-28T01:07:42Z,LOW
20376,ARIANE 5 R/B,ROCKET_BODY,505.7,74.5,0.01572,0.365238,LARGE,2.561,94.59,4068,2026-05-15T14:18:44Z,MEDIUM
96187,IRIDIUM 33 DEB,DEBRIS,15100.4,54.71,0.0065,0.000148,MEDIUM,0.266,521.86,6997,2026-04-28T19:17:22Z,LOW
79574,COSMOS 2251 DEB,DEBRIS,1398.3,162.78,0.02104,0.061994,MEDIUM,0.435,113.59,5634,2026-05-15T11:32:43Z,MEDIUM
37980,SL-16 R/B,ROCKET_BODY,533.7,117.95,0.03091,0.792552,LARGE,3.802,95.16,6825,2026-04-26T00:14:50Z,MEDIUM
45923,STARLINK-206,PAYLOAD,826.0,110.51,0.02706,0.392067,LARGE,3.427,101.27,6587,2026-05-03T13:19:53Z,MEDIUM
62178,IRIDIUM 33 DEB,DEBRIS,619.1,159.61,0.00193,0.0,MEDIUM,0.111,96.94,4486,2026-04-28T16:12:30Z,MEDIUM
57637,COSMOS 2251 DEB,DEBRIS,847.1,10.54,0.04355,0.309298,MEDIUM,0.4,101.72,2945,2026-05-23T00:08:53Z,MEDIUM
99528,COSMOS 2251 DEB,DEBRIS,1444.5,150.78,0.01282,0.252595,MEDIUM,0.584,114.6,5252,2026-05-12T01:30:40Z,MEDIUM
83814,PLANET-DOVE-3264,PAYLOAD,831.3,122.02,0.03441,0.30081,LARGE,1.241,101.38,5738,2026-05-22T16:23:57Z,MEDIUM
84747,NOAA 16 DEB,DEBRIS,558.6,64.8,0.02968,0.585337,MEDIUM,0.185,95.68,5156,2026-04-25T14:36:56Z,MEDIUM
85724,FENGYUN 1C DEB,DEBRIS,548.1,46.14,0.01426,1.075189,MEDIUM,0.281,95.46,4733,2026-05-17T04:25:54Z,MEDIUM
34044,COSMOS-610,PAYLOAD,10565.0,50.06,0.01879,0.000108,LARGE,1.508,365.57,3106,2026-05-09T09:29:55Z,LOW
38799,FALCON 9 R/B,ROCKET_BODY,507.4,169.39,0.00551,1.141634,LARGE,6.28,94.62,1231,2026-05-09T01:37:47Z,MEDIUM
90548,FENGYUN 1C DEB,DEBRIS,900.0,25.54,0.04368,0.0,MEDIUM,0.115,102.84,3865,2026-05-21T04:44:56Z,MEDIUM
41478,ONEWEB-7380,PAYLOAD,545.3,46.7,0.02333,1.355503,LARGE,4.017,95.4,7939,2026-04-26T09:55:23Z,LOW
50237,ARIANE 5 R/B,ROCKET_BODY,10406.8,53.81,0.01796,0.000107,LARGE,7.203,360.46,6458,2026-05-23T07:48:18Z,LOW
30850,IRIDIUM 33 DEB,DEBRIS,876.1,127.83,0.02385,0.948224,MEDIUM,0.746,102.33,6798,2026-04-25T20:23:03Z,MEDIUM
29102,KUIPER-7590,PAYLOAD,807.5,28.94,0.00362,0.227735,MEDIUM,0.748,100.88,6639,2026-05-05T21:12:27Z,LOW
21261,ATLAS 5 CENTAUR R/B,ROCKET_BODY,35745.2,0.62,0.01864,0.000121,LARGE,6.454,1433.62,8297,2026-04-29T03:27:24Z,LOW
47043,ARIANE 5 R/B,ROCKET_BODY,35904.5,0.65,0.03556,4.6e-05,LARGE,2.812,1441.76,2058,2026-05-10T16:39:38Z,LOW
56717,STARLINK-2398,PAYLOAD,1394.2,152.72,0.01422,0.13476,LARGE,1.811,113.5,6492,2026-05-12T20:57:02Z,LOW
54253,IRIDIUM 33 DEB,DEBRIS,819.7,15.71,0.00264,0.585504,MEDIUM,0.46,101.14,653,2026-05-14T06:17:07Z,HIGH
49374,CZ-6A DEB,DEBRIS,444.1,7.71,0.01792,1.293753,MEDIUM,0.182,93.32,2225,2026-05-18T22:37:53Z,LOW
79915,KUIPER-1080,PAYLOAD,1410.9,114.66,0.04595,0.148778,MEDIUM,0.761,113.86,293,2026-05-17T12:41:54Z,LOW
35502,COSMOS 2251 DEB,DEBRIS,862.8,27.0,0.00451,0.334881,SMALL,0.084,102.05,3891,2026-05-23T10:53:43Z,HIGH
65053,COSMOS 2251 DEB,DEBRIS,597.5,94.49,0.03295,0.800085,MEDIUM,0.233,96.49,1292,2026-05-08T11:43:09Z,MEDIUM
44715,PLANET-DOVE-9520,PAYLOAD,590.5,2.54,0.02287,0.521439,LARGE,1.944,96.34,3500,2026-04-30T06:15:38Z,LOW
84270,NOAA 16 DEB,DEBRIS,1248.4,140.39,0.00542,0.163849,MEDIUM,0.284,110.32,1237,2026-04-29T16:05:39Z,LOW
52263,PLANET-DOVE-7753,PAYLOAD,800.2,161.92,0.00526,0.704805,LARGE,1.547,100.73,351,2026-05-03T06:22:48Z,LOW
29661,IRIDIUM 33 DEB,DEBRIS,825.7,151.0,0.03393,0.731101,SMALL,0.076,101.27,4313,2026-05-13T02:06:21Z,HIGH
49056,CZ-6A DEB,DEBRIS,12319.4,51.3,0.03425,8e-05,LARGE,2.015,423.83,3712,2026-04-26T14:57:07Z,LOW
99581,FENGYUN 1C DEB,DEBRIS,18596.3,56.87,0.03254,8.4e-05,MEDIUM,0.404,654.36,3770,2026-05-23T15:28:44Z,LOW
42743,IRIDIUM-2996,PAYLOAD,814.9,79.92,0.016,0.0,MEDIUM,0.847,101.04,3129,2026-05-24T16:06:50Z,LOW
29022,NOAA 16 DEB,DEBRIS,575.5,71.7,0.00258,0.575627,MEDIUM,0.456,96.03,3701,2026-04-29T22:39:44Z,MEDIUM
53464,COSMOS-4007,PAYLOAD,1610.0,161.31,0.01567,0.061427,LARGE,1.979,118.26,65,2026-05-18T10:15:31Z,LOW
43924,COSMOS-9021,PAYLOAD,501.3,166.85,0.01023,0.65933,LARGE,1.126,94.5,4317,2026-05-12T21:19:36Z,LOW
88117,KUIPER-4366,PAYLOAD,1411.8,175.11,0.02199,0.093644,MEDIUM,0.703,113.88,7628,2026-05-09T10:06:51Z,LOW
71589,NOAA 16 DEB,DEBRIS,16339.1,57.85,0.00433,0.000117,LARGE,3.277,567.66,1281,2026-05-17T00:55:44Z,LOW
54781,PLANET-DOVE-8479,PAYLOAD,15742.2,52.64,0.01097,0.000154,LARGE,3.139,545.43,1320,2026-05-12T06:24:25Z,LOW
99843,NOAA 16 DEB,DEBRIS,13253.5,60.21,0.005,0.000123,MEDIUM,0.25,455.99,7026,2026-05-04T17:03:02Z,LOW
47053,COSMOS 2251 DEB,DEBRIS,19480.1,51.02,0.00357,0.000137,MEDIUM,0.109,689.41,4523,2026-05-11T20:45:56Z,LOW
98799,IRIDIUM-2921,PAYLOAD,35824.4,0.61,0.01531,7.9e-05,LARGE,2.498,1437.66,2337,2026-04-29T01:44:50Z,LOW
24170,ONEWEB-4696,PAYLOAD,797.7,154.31,0.03646,0.436354,LARGE,1.351,100.67,7068,2026-05-02T15:08:23Z,LOW
29040,STARLINK-2229,PAYLOAD,35895.9,0.12,0.01487,0.000114,LARGE,4.713,1441.32,2945,2026-05-24T04:32:21Z,LOW
92252,NOAA 16 DEB,DEBRIS,548.1,169.94,0.04089,1.024126,MEDIUM,0.278,95.46,5452,2026-04-30T13:28:52Z,MEDIUM
85516,FENGYUN 1C DEB,DEBRIS,492.1,16.91,0.0018,1.072277,MEDIUM,0.846,94.31,5017,2026-05-12T22:43:07Z,MEDIUM
22852,IRIDIUM-7679,PAYLOAD,1432.6,155.51,0.00598,0.178942,MEDIUM,0.806,114.34,1549,2026-05-03T21:49:21Z,LOW
39224,COSMOS 2251 DEB,DEBRIS,563.2,9.99,0.04017,0.92504,SMALL,0.086,95.78,6802,2026-05-08T22:38:07Z,MEDIUM
77340,COSMOS-8785,PAYLOAD,616.8,61.04,0.00656,1.075678,MEDIUM,0.675,96.89,5575,2026-05-02T09:57:02Z,LOW
85542,NOAA 16 DEB,DEBRIS,1429.7,24.36,0.00143,0.190961,MEDIUM,0.222,114.28,1900,2026-05-12T01:31:16Z,MEDIUM
43842,NOAA 16 DEB,DEBRIS,835.2,86.24,0.0194,0.0,MEDIUM,0.176,101.47,6825,2026-05-11T17:25:12Z,HIGH
24712,CZ-6A DEB,DEBRIS,878.6,41.8,0.01975,0.260339,MEDIUM,0.103,102.38,5596,2026-05-13T12:41:20Z,HIGH
53727,NOAA 16 DEB,DEBRIS,13378.0,52.03,0.01923,2.1e-05,MEDIUM,0.481,460.34,7697,2026-05-04T05:54:21Z,LOW
93844,COSMOS 2251 DEB,DEBRIS,501.1,100.68,0.01667,0.446112,MEDIUM,0.515,94.49,7386,2026-05-12T08:46:55Z,MEDIUM
83579,IRIDIUM-6704,PAYLOAD,904.4,161.59,0.03039,0.720181,LARGE,1.416,102.93,2888,2026-05-16T20:50:24Z,LOW
84866,KUIPER-3745,PAYLOAD,561.7,50.05,0.0228,0.622002,LARGE,2.424,95.74,8432,2026-05-16T14:21:37Z,LOW
26798,KUIPER-5141,PAYLOAD,474.5,4.68,0.031,0.785882,LARGE,1.219,93.94,334,2026-05-12T00:54:59Z,LOW
24376,SL-16 R/B,ROCKET_BODY,548.7,139.62,0.00279,1.106522,LARGE,7.628,95.48,3027,2026-05-03T23:23:14Z,HIGH
94229,CZ-6A DEB,DEBRIS,18516.4,59.55,0.01225,0.000176,MEDIUM,0.354,651.22,5483,2026-05-10T23:13:47Z,LOW
98708,NOAA 16 DEB,DEBRIS,514.3,98.19,0.0472,0.773656,LARGE,1.129,94.76,4826,2026-05-11T02:36:27Z,MEDIUM
76437,IRIDIUM 33 DEB,DEBRIS,553.5,146.76,0.02553,1.008981,MEDIUM,0.285,95.57,2055,2026-05-23T12:55:53Z,MEDIUM
28829,IRIDIUM-9279,PAYLOAD,512.3,151.22,0.02353,0.081879,LARGE,5.808,94.72,1819,2026-05-06T07:27:54Z,LOW
79819,NOAA 16 DEB,DEBRIS,564.8,105.82,0.0163,0.53308,MEDIUM,0.429,95.81,7034,2026-05-04T16:08:05Z,MEDIUM
61299,COSMOS-7626,PAYLOAD,19138.2,48.05,0.0375,0.000129,LARGE,1.354,675.78,7888,2026-05-17T11:54:56Z,LOW
77335,IRIDIUM-6510,PAYLOAD,850.7,129.55,0.00879,0.415103,LARGE,4.062,101.79,6128,2026-05-14T01:23:39Z,MEDIUM
98718,CZ-6A DEB,DEBRIS,14930.0,54.36,0.02499,0.000131,MEDIUM,0.462,515.66,4786,2026-05-07T19:30:43Z,LOW
41733,COSMOS 2251 DEB,DEBRIS,1448.8,65.06,0.03492,0.008025,MEDIUM,0.561,114.7,6965,2026-04-25T00:02:11Z,MEDIUM
69141,COSMOS 2251 DEB,DEBRIS,550.2,0.41,0.00499,0.0,MEDIUM,0.311,95.51,2183,2026-05-16T03:32:09Z,MEDIUM
30736,STARLINK-8577,PAYLOAD,523.1,43.37,0.03248,1.007874,MEDIUM,0.858,94.95,8708,2026-05-17T02:35:06Z,LOW
33864,COSMOS 2251 DEB,DEBRIS,19121.8,54.7,0.02061,0.000144,LARGE,1.929,675.13,1151,2026-05-22T21:50:27Z,LOW
39165,PLANET-DOVE-6888,PAYLOAD,35807.1,0.0,0.02594,9.8e-05,LARGE,1.061,1436.78,5273,2026-05-10T01:49:53Z,LOW
31982,CZ-6A DEB,DEBRIS,1608.6,59.58,0.02056,0.140058,MEDIUM,0.638,118.23,3089,2026-05-10T10:52:50Z,LOW
79406,NOAA 16 DEB,DEBRIS,12823.4,56.79,0.01528,5.7e-05,MEDIUM,0.339,441.08,8141,2026-05-01T06:02:13Z,LOW
60678,KUIPER-123,PAYLOAD,1531.0,35.15,0.02624,0.065762,MEDIUM,0.95,116.51,2226,2026-05-08T18:57:54Z,LOW
78269,KUIPER-2158,PAYLOAD,1414.2,47.45,0.00182,0.08992,LARGE,1.179,113.94,5787,2026-04-25T01:05:15Z,LOW
61483,IRIDIUM-6762,PAYLOAD,35792.5,0.85,0.0164,0.000126,LARGE,1.201,1436.03,1431,2026-05-10T00:31:15Z,LOW
54566,FENGYUN 1C DEB,DEBRIS,570.6,74.37,0.01576,0.982529,MEDIUM,0.179,95.93,1660,2026-05-16T04:59:58Z,MEDIUM
93082,CZ-6A R/B,ROCKET_BODY,936.4,44.1,0.00069,0.104015,LARGE,2.59,103.61,3763,2026-05-18T13:51:08Z,MEDIUM
78317,NOAA 16 DEB,DEBRIS,528.2,87.68,0.01689,0.602439,MEDIUM,0.126,95.05,7199,2026-05-14T21:08:40Z,MEDIUM
30831,FENGYUN 1C DEB,DEBRIS,540.6,69.66,0.0163,0.571518,MEDIUM,0.78,95.31,2524,2026-05-19T03:53:24Z,MEDIUM
66262,CZ-6A R/B,ROCKET_BODY,16716.0,52.67,0.01726,0.000122,LARGE,13.001,581.85,6252,2026-05-14T23:05:35Z,LOW
25471,STARLINK-1750,PAYLOAD,829.8,173.18,0.02288,0.411382,LARGE,1.804,101.35,5154,2026-05-18T09:29:19Z,LOW
42817,CZ-6A DEB,DEBRIS,857.4,106.51,0.01124,0.265591,MEDIUM,0.29,101.93,8802,2026-05-08T02:58:02Z,HIGH
36800,KUIPER-5988,PAYLOAD,863.4,106.41,0.01837,0.683946,LARGE,1.513,102.06,2727,2026-05-13T01:34:30Z,MEDIUM
44238,CZ-6A R/B,ROCKET_BODY,848.1,65.67,0.01881,0.271334,LARGE,1.941,101.74,2213,2026-05-14T04:17:38Z,HIGH
79577,NOAA 16 DEB,DEBRIS,10897.2,56.98,0.00497,5.8e-05,SMALL,0.084,376.38,8126,2026-05-12T04:14:18Z,LOW
56645,COSMOS 2251 DEB,DEBRIS,14834.1,54.95,0.00465,8.8e-05,MEDIUM,0.154,512.18,3018,2026-05-12T03:21:39Z,LOW
26843,COSMOS 2251 DEB,DEBRIS,588.0,0.2,0.00089,0.353835,MEDIUM,0.135,96.29,1955,2026-05-18T10:56:21Z,MEDIUM
82416,IRIDIUM-1453,PAYLOAD,528.4,155.9,0.00881,0.895019,MEDIUM,0.974,95.06,7398,2026-05-02T04:00:15Z,LOW
33496,CZ-6A R/B,ROCKET_BODY,1434.5,77.3,0.02278,0.179982,LARGE,5.137,114.38,7320,2026-05-04T12:08:53Z,LOW
85464,ATLAS 5 CENTAUR R/B,ROCKET_BODY,815.9,88.58,0.02336,0.575474,LARGE,8.437,101.06,594,2026-05-10T13:30:46Z,HIGH
70394,ATLAS 5 CENTAUR R/B,ROCKET_BODY,549.6,15.03,0.01487,0.877764,LARGE,7.896,95.49,7708,2026-05-14T08:41:15Z,MEDIUM
31758,KUIPER-7778,PAYLOAD,839.0,150.68,0.00158,0.917378,MEDIUM,0.861,101.55,5709,2026-05-10T10:30:24Z,LOW
24628,COSMOS-7689,PAYLOAD,634.9,30.66,0.03728,0.315477,LARGE,1.147,97.26,2531,2026-04-30T23:34:14Z,LOW
27850,KUIPER-6344,PAYLOAD,521.4,73.91,0.02609,0.019599,LARGE,1.168,94.91,4833,2026-05-19T17:00:30Z,LOW
28506,PLANET-DOVE-5082,PAYLOAD,1410.4,151.25,0.02782,0.058087,LARGE,2.906,113.85,2170,2026-05-11T08:59:09Z,LOW
77638,ARIANE 5 R/B,ROCKET_BODY,523.7,82.4,0.03203,0.397983,LARGE,2.006,94.96,1544,2026-05-08T00:06:43Z,MEDIUM
97640,COSMOS 2251 DEB,DEBRIS,12216.8,59.64,0.03199,0.000207,MEDIUM,0.34,420.34,1217,2026-05-21T08:12:34Z,LOW
53157,IRIDIUM 33 DEB,DEBRIS,912.5,37.68,0.01848,0.380542,SMALL,0.068,103.1,1511,2026-05-08T01:58:53Z,MEDIUM
28676,CZ-6A R/B,ROCKET_BODY,881.0,128.74,0.04543,0.665107,LARGE,3.878,102.43,5258,2026-04-29T20:17:08Z,HIGH
36265,SL-16 R/B,ROCKET_BODY,10640.2,54.1,0.00356,9.2e-05,LARGE,4.445,368.01,7297,2026-05-24T12:46:16Z,LOW
56037,IRIDIUM-1271,PAYLOAD,10038.0,59.15,0.02745,0.000121,LARGE,1.647,348.64,4393,2026-05-06T11:29:10Z,LOW
54360,CZ-6A R/B,ROCKET_BODY,526.3,124.59,0.03683,1.566895,LARGE,2.357,95.01,168,2026-05-21T20:00:50Z,MEDIUM
94073,PLANET-DOVE-2485,PAYLOAD,567.9,70.78,0.01242,0.503046,LARGE,1.404,95.87,3875,2026-05-10T12:08:02Z,LOW
26956,KUIPER-586,PAYLOAD,559.0,135.24,0.04004,0.013306,LARGE,3.905,95.69,6729,2026-05-02T06:26:45Z,LOW
72227,FALCON 9 R/B,ROCKET_BODY,1744.8,163.6,0.03956,0.146864,LARGE,9.019,121.27,7522,2026-05-06T07:07:17Z,LOW
26478,SL-16 R/B,ROCKET_BODY,876.5,126.55,0.00236,0.0,LARGE,4.891,102.34,6602,2026-05-22T07:24:39Z,HIGH
73079,STARLINK-7929,PAYLOAD,863.6,168.47,0.00334,0.213815,LARGE,1.064,102.07,3343,2026-05-23T08:10:16Z,LOW
54492,SL-16 R/B,ROCKET_BODY,557.5,105.96,0.02805,0.854223,LARGE,1.692,95.66,5857,2026-04-29T03:20:09Z,MEDIUM
24172,ARIANE 5 R/B,ROCKET_BODY,848.5,103.88,0.03097,0.376227,LARGE,7.975,101.75,643,2026-05-24T14:43:27Z,HIGH
65364,IRIDIUM 33 DEB,DEBRIS,35711.1,0.51,0.02408,0.000154,MEDIUM,0.168,1431.88,3703,2026-05-20T14:26:29Z,LOW
33223,IRIDIUM 33 DEB,DEBRIS,565.1,127.73,0.02201,0.187409,MEDIUM,0.34,95.81,4845,2026-05-14T10:21:09Z,MEDIUM
66008,NOAA 16 DEB,DEBRIS,13312.5,51.5,0.02225,0.00012,MEDIUM,0.164,458.05,284,2026-04-30T11:59:34Z,LOW
35333,COSMOS-4055,PAYLOAD,35787.0,0.35,0.01518,2e-05,MEDIUM,0.894,1435.75,158,2026-05-12T14:19:01Z,LOW
96336,IRIDIUM 33 DEB,DEBRIS,16013.2,52.69,0.02842,0.000107,LARGE,1.536,555.48,7221,2026-05-07T18:26:03Z,LOW
64638,ATLAS 5 CENTAUR R/B,ROCKET_BODY,858.0,97.94,0.03634,0.198012,LARGE,4.395,101.95,2005,2026-04-28T17:37:56Z,HIGH
61041,ARIANE 5 R/B,ROCKET_BODY,14643.3,51.3,0.02576,7.9e-05,LARGE,2.706,505.28,1157,2026-05-24T12:25:24Z,LOW
57198,IRIDIUM 33 DEB,DEBRIS,1402.1,169.09,0.0014,0.08193,SMALL,0.088,113.67,5340,2026-05-13T02:27:15Z,MEDIUM
67170,ONEWEB-8907,PAYLOAD,827.6,28.19,0.0207,0.512765,LARGE,1.272,101.31,2548,2026-04-27T21:52:30Z,LOW
42468,FALCON 9 R/B,ROCKET_BODY,13078.0,54.91,0.00084,9.4e-05,LARGE,15.044,449.89,8815,2026-05-05T06:02:15Z,LOW
59410,NOAA 16 DEB,DEBRIS,609.3,74.33,0.01228,0.310363,MEDIUM,0.376,96.73,8522,2026-05-20T04:38:50Z,MEDIUM
76471,IRIDIUM 33 DEB,DEBRIS,513.2,22.61,0.00334,0.0,SMALL,0.07,94.74,7420,2026-05-08T06:23:36Z,MEDIUM
38505,FENGYUN 1C DEB,DEBRIS,565.0,176.48,0.02604,0.804996,MEDIUM,0.561,95.81,2737,2026-05-09T20:12:30Z,HIGH
32533,ARIANE 5 R/B,ROCKET_BODY,20110.2,51.68,0.04271,2.3e-05,LARGE,2.959,714.77,7882,2026-04-29T06:34:50Z,LOW
34556,ATLAS 5 CENTAUR R/B,ROCKET_BODY,838.8,96.05,0.02508,0.575811,LARGE,5.195,101.54,2318,2026-04-28T07:54:49Z,HIGH
32381,COSMOS 2251 DEB,DEBRIS,1962.7,40.88,0.00171,0.034194,MEDIUM,0.222,126.19,2179,2026-05-24T08:06:22Z,LOW
65020,KUIPER-189,PAYLOAD,19583.2,50.64,0.0009,0.000113,MEDIUM,0.875,693.54,8761,2026-05-23T13:47:37Z,LOW
79966,NOAA 16 DEB,DEBRIS,518.4,177.24,0.01219,0.758754,MEDIUM,0.351,94.85,6077,2026-04-27T20:37:27Z,MEDIUM
93424,FALCON 9 R/B,ROCKET_BODY,824.3,87.96,0.01759,1.007738,LARGE,1.667,101.24,800,2026-05-11T11:26:47Z,HIGH
88697,IRIDIUM-232,PAYLOAD,1366.1,1.59,0.01145,0.245202,LARGE,1.405,112.88,7982,2026-05-15T10:20:56Z,LOW
52935,ONEWEB-7233,PAYLOAD,35787.0,0.42,0.02161,7.2e-05,LARGE,4.212,1435.75,1471,2026-05-21T10:03:41Z,LOW
45138,IRIDIUM 33 DEB,DEBRIS,561.3,176.12,0.00359,0.786235,MEDIUM,0.25,95.74,6140,2026-05-11T18:57:29Z,MEDIUM
61381,STARLINK-6690,PAYLOAD,501.9,178.03,0.01837,0.0,LARGE,4.019,94.51,3961,2026-05-21T01:45:25Z,LOW
92458,PLANET-DOVE-2797,PAYLOAD,533.3,37.89,0.01736,0.221382,MEDIUM,0.89,95.16,186,2026-04-28T15:02:44Z,LOW
67591,PLANET-DOVE-9731,PAYLOAD,11281.7,53.95,0.03791,6.3e-05,LARGE,1.912,389.02,7095,2026-04-25T10:32:12Z,LOW
82196,COSMOS-2370,PAYLOAD,1324.7,13.84,0.00618,0.36939,LARGE,1.092,111.98,6189,2026-05-08T22:43:30Z,LOW
64639,KUIPER-9121,PAYLOAD,858.4,103.94,0.00915,0.755631,MEDIUM,0.864,101.96,7962,2026-05-02T22:41:07Z,MEDIUM
74081,IRIDIUM 33 DEB,DEBRIS,35676.6,0.0,0.03523,0.000171,MEDIUM,0.261,1430.12,5517,2026-05-17T15:42:29Z,LOW
82399,COSMOS-8354,PAYLOAD,1382.5,147.36,0.00694,0.177956,LARGE,6.046,113.24,6808,2026-05-05T02:35:00Z,LOW
46241,FENGYUN 1C DEB,DEBRIS,847.1,169.12,0.01422,0.027742,LARGE,1.011,101.72,8157,2026-05-07T05:03:13Z,HIGH
22083,COSMOS 2251 DEB,DEBRIS,1438.0,31.14,0.00888,0.130322,MEDIUM,0.177,114.46,8786,2026-05-11T01:06:07Z,LOW
79151,IRIDIUM-6574,PAYLOAD,14234.1,56.83,0.03808,0.000116,LARGE,1.716,490.59,5058,2026-05-23T20:14:53Z,LOW
79729,IRIDIUM-3767,PAYLOAD,670.3,18.37,0.00914,0.582008,LARGE,5.536,98.0,181,2026-04-27T03:44:36Z,LOW
94384,NOAA 16 DEB,DEBRIS,1427.9,61.05,0.01233,0.100911,MEDIUM,0.636,114.24,3132,2026-05-11T13:51:15Z,MEDIUM
91890,IRIDIUM-5451,PAYLOAD,1954.5,11.72,0.03068,0.0,LARGE,2.147,126.0,5586,2026-05-06T16:03:22Z,LOW
57109,KUIPER-1031,PAYLOAD,1769.0,47.62,0.0081,0.158024,MEDIUM,0.991,121.81,1013,2026-04-26T01:55:26Z,LOW
64884,CZ-6A DEB,DEBRIS,1426.2,178.24,0.03984,0.146613,MEDIUM,0.492,114.2,1073,2026-05-19T10:32:22Z,LOW
24624,NOAA 16 DEB,DEBRIS,1447.8,8.03,0.01494,0.0,MEDIUM,0.184,114.68,3571,2026-05-22T10:04:09Z,MEDIUM
43297,CZ-6A DEB,DEBRIS,1093.9,154.61,0.01694,0.118617,LARGE,1.231,106.98,8195,2026-04-30T04:41:51Z,LOW
74432,IRIDIUM-3707,PAYLOAD,16618.2,53.61,0.01973,0.0,LARGE,1.042,578.16,2915,2026-05-17T19:00:44Z,LOW
89216,COSMOS 2251 DEB,DEBRIS,871.2,95.22,0.04933,0.355459,LARGE,1.341,102.23,8419,2026-05-16T00:55:08Z,HIGH
69234,IRIDIUM 33 DEB,DEBRIS,840.8,81.38,0.00397,0.456539,MEDIUM,0.401,101.58,7232,2026-05-16T03:50:32Z,MEDIUM
54621,KUIPER-4675,PAYLOAD,844.1,167.68,0.03352,0.281881,LARGE,1.634,101.65,2748,2026-05-08T19:26:13Z,MEDIUM
45044,FENGYUN 1C DEB,DEBRIS,1233.8,35.83,0.00514,0.309239,LARGE,1.262,110.0,2102,2026-05-04T14:32:23Z,LOW
78027,COSMOS-1064,PAYLOAD,823.8,32.34,0.02293,0.437446,MEDIUM,0.496,101.23,7454,2026-04-27T02:54:27Z,LOW
74152,KUIPER-5396,PAYLOAD,1170.7,134.77,0.02784,0.383635,MEDIUM,0.999,108.63,6811,2026-04-26T01:08:28Z,LOW
95158,CZ-6A R/B,ROCKET_BODY,1433.4,130.63,0.02704,0.118813,LARGE,5.582,114.36,5683,2026-04-30T07:42:33Z,MEDIUM
85054,IRIDIUM-5423,PAYLOAD,1895.6,125.85,0.03374,0.197889,LARGE,1.72,124.67,8803,2026-05-10T20:03:20Z,LOW
40759,IRIDIUM-5960,PAYLOAD,544.4,4.7,0.00702,0.440048,LARGE,2.132,95.39,931,2026-04-29T05:32:31Z,LOW
96230,NOAA 16 DEB,DEBRIS,1389.9,46.79,0.00707,0.074468,MEDIUM,0.131,113.4,3490,2026-05-15T14:21:05Z,MEDIUM
73548,NOAA 16 DEB,DEBRIS,1339.1,151.18,0.01736,0.067991,SMALL,0.097,112.29,5436,2026-05-13T14:11:48Z,MEDIUM
41150,CZ-6A R/B,ROCKET_BODY,17481.6,58.18,0.00702,4.9e-05,LARGE,6.13,611.03,673,2026-05-05T08:05:48Z,LOW
75228,COSMOS 2251 DEB,DEBRIS,1358.8,108.4,0.01792,0.0,SMALL,0.069,112.72,8785,2026-04-27T14:52:24Z,MEDIUM
36627,NOAA 16 DEB,DEBRIS,1744.1,53.26,0.02874,0.106024,MEDIUM,0.125,121.26,5159,2026-05-10T12:32:16Z,LOW
45428,IRIDIUM-291,PAYLOAD,813.0,46.83,0.05956,0.0,LARGE,5.398,101.0,2793,2026-05-19T16:35:37Z,LOW
39163,FALCON 9 R/B,ROCKET_BODY,861.1,170.38,0.01468,0.430596,LARGE,3.568,102.01,2175,2026-05-06T19:30:12Z,HIGH
68812,STARLINK-395,PAYLOAD,545.2,131.0,0.0077,0.125763,LARGE,1.876,95.4,40,2026-05-19T04:47:40Z,MEDIUM
35761,ONEWEB-2620,PAYLOAD,764.0,22.84,0.04567,0.355898,LARGE,1.252,99.97,5346,2026-05-03T14:04:07Z,LOW
57102,FENGYUN 1C DEB,DEBRIS,586.4,168.79,0.02869,0.845483,MEDIUM,0.202,96.26,8791,2026-04-27T09:38:40Z,MEDIUM
58334,ARIANE 5 R/B,ROCKET_BODY,1358.4,104.83,0.0361,0.408247,LARGE,8.025,112.71,354,2026-05-14T11:59:17Z,MEDIUM
42087,FALCON 9 R/B,ROCKET_BODY,1391.7,60.01,0.01558,0.057256,LARGE,4.366,113.44,3743,2026-05-21T15:30:07Z,MEDIUM
69435,IRIDIUM-8666,PAYLOAD,856.6,71.49,0.00242,0.359807,LARGE,3.874,101.92,5968,2026-05-21T12:12:51Z,MEDIUM
39925,KUIPER-8224,PAYLOAD,13737.0,56.2,0.01811,8.5e-05,LARGE,1.031,472.95,3895,2026-05-23T18:35:44Z,LOW
45539,FENGYUN 1C DEB,DEBRIS,525.4,67.73,0.03465,0.328359,MEDIUM,0.157,94.99,5868,2026-04-28T05:35:27Z,HIGH
56724,PLANET-DOVE-9956,PAYLOAD,17612.1,56.04,0.00101,2.3e-05,LARGE,1.667,616.05,6422,2026-04-26T07:17:49Z,LOW
94647,STARLINK-8693,PAYLOAD,600.1,127.89,0.00309,0.906273,LARGE,1.605,96.54,8691,2026-05-12T02:02:13Z,LOW
65656,KUIPER-8428,PAYLOAD,11266.3,59.15,0.00643,0.000188,LARGE,1.448,388.52,5451,2026-05-23T12:14:14Z,LOW
96251,CZ-6A R/B,ROCKET_BODY,1472.6,169.96,0.00755,0.33284,LARGE,16.696,115.22,6397,2026-05-24T22:29:50Z,MEDIUM
80351,SL-16 R/B,ROCKET_BODY,860.2,64.11,0.00648,0.491225,LARGE,3.88,101.99,2738,2026-05-03T09:12:45Z,HIGH
54666,ATLAS 5 CENTAUR R/B,ROCKET_BODY,612.8,75.49,0.01324,0.233925,LARGE,4.946,96.8,1382,2026-05-06T06:08:16Z,MEDIUM
55533,IRIDIUM-7295,PAYLOAD,1347.5,125.73,0.00871,0.136106,LARGE,4.474,112.48,926,2026-05-14T22:37:42Z,LOW
82812,ONEWEB-1857,PAYLOAD,13384.5,54.82,0.04763,3.6e-05,LARGE,1.663,460.57,1010,2026-05-22T09:47:50Z,LOW
49470,NOAA 16 DEB,DEBRIS,549.7,79.22,0.01378,0.976191,MEDIUM,0.326,95.5,7451,2026-04-30T05:52:02Z,MEDIUM
41145,IRIDIUM 33 DEB,DEBRIS,1105.4,116.95,0.02802,0.004371,MEDIUM,0.273,107.23,394,2026-05-24T06:28:44Z,LOW
85571,NOAA 16 DEB,DEBRIS,518.0,162.51,0.01643,0.135893,MEDIUM,0.199,94.84,4365,2026-05-19T12:34:05Z,MEDIUM
67668,NOAA 16 DEB,DEBRIS,35742.8,0.05,0.0155,0.000123,MEDIUM,0.852,1433.5,5531,2026-04-27T01:01:52Z,LOW
81274,IRIDIUM 33 DEB,DEBRIS,560.5,148.37,0.00946,0.913254,MEDIUM,0.453,95.72,6062,2026-05-20T06:10:39Z,HIGH
48642,ONEWEB-8968,PAYLOAD,511.3,46.51,0.01291,1.223388,LARGE,1.966,94.7,622,2026-05-14T05:58:30Z,LOW
20040,PLANET-DOVE-6692,PAYLOAD,17307.6,58.69,0.01877,2.4e-05,LARGE,3.098,604.36,7748,2026-05-24T08:24:20Z,LOW
21903,ARIANE 5 R/B,ROCKET_BODY,35760.1,0.6,0.006,5.8e-05,LARGE,1.633,1434.38,3952,2026-05-01T06:45:12Z,LOW
85725,ONEWEB-3669,PAYLOAD,874.2,7.95,0.05315,0.364943,LARGE,2.044,102.29,188,2026-05-24T18:37:26Z,LOW
47412,FENGYUN 1C DEB,DEBRIS,887.0,138.56,0.03356,0.555175,MEDIUM,0.998,102.56,1220,2026-04-26T10:14:50Z,HIGH
28191,CZ-6A R/B,ROCKET_BODY,16382.0,53.74,0.02854,8.5e-05,LARGE,7.761,569.27,7738,2026-04-27T06:37:03Z,LOW
60831,IRIDIUM 33 DEB,DEBRIS,1409.5,50.87,0.02029,0.0,MEDIUM,0.901,113.83,8489,2026-05-08T10:21:15Z,LOW
32976,IRIDIUM 33 DEB,DEBRIS,785.2,46.67,0.04027,0.562152,MEDIUM,0.165,100.41,6773,2026-05-14T17:44:01Z,MEDIUM
57892,SL-16 R/B,ROCKET_BODY,516.2,51.01,0.02374,0.276601,LARGE,5.666,94.8,3020,2026-04-30T00:10:53Z,MEDIUM
89449,NOAA 16 DEB,DEBRIS,569.8,60.84,0.03241,0.612848,MEDIUM,0.571,95.91,8522,2026-05-03T04:35:35Z,HIGH
74816,FALCON 9 R/B,ROCKET_BODY,550.7,108.87,0.01482,0.705735,LARGE,5.94,95.52,2503,2026-05-06T16:42:16Z,HIGH
55379,IRIDIUM 33 DEB,DEBRIS,511.6,105.04,0.00629,0.80744,MEDIUM,0.126,94.71,2125,2026-04-28T18:24:57Z,MEDIUM
37402,KUIPER-4913,PAYLOAD,539.4,46.03,0.01623,1.04854,MEDIUM,0.987,95.28,6891,2026-04-30T06:42:01Z,LOW
42267,ARIANE 5 R/B,ROCKET_BODY,1779.2,37.16,0.02966,0.127407,LARGE,6.092,122.04,2922,2026-04-29T11:07:57Z,LOW
54851,CZ-6A R/B,ROCKET_BODY,554.8,148.74,0.01807,0.730504,LARGE,5.01,95.6,4694,2026-05-23T14:54:28Z,MEDIUM
73588,KUIPER-9883,PAYLOAD,521.3,16.69,0.00525,0.508138,MEDIUM,0.61,94.91,5963,2026-05-23T02:14:05Z,LOW
66371,PLANET-DOVE-8933,PAYLOAD,584.8,92.31,0.00695,0.662315,MEDIUM,0.428,96.22,1519,2026-05-13T20:34:04Z,LOW
55728,CZ-6A DEB,DEBRIS,526.3,93.7,0.00127,0.440472,SMALL,0.085,95.01,8334,2026-05-15T12:13:38Z,MEDIUM
47576,CZ-6A DEB,DEBRIS,1375.9,103.34,0.02208,0.146817,MEDIUM,0.615,113.1,1522,2026-04-29T02:42:21Z,MEDIUM
32803,PLANET-DOVE-9608,PAYLOAD,862.5,159.42,0.07372,1.00678,LARGE,2.295,102.04,8934,2026-04-26T12:19:54Z,MEDIUM
59699,IRIDIUM-6900,PAYLOAD,612.3,112.3,0.01339,0.65918,LARGE,1.21,96.79,2518,2026-05-06T07:26:04Z,LOW
37033,STARLINK-9594,PAYLOAD,35819.1,0.86,0.0097,6e-05,MEDIUM,0.626,1437.39,3768,2026-05-24T12:38:44Z,LOW
26903,PLANET-DOVE-1699,PAYLOAD,1456.8,156.84,0.02093,0.083876,MEDIUM,0.719,114.87,2301,2026-05-09T08:04:56Z,LOW
85480,COSMOS 2251 DEB,DEBRIS,18539.5,54.4,0.00151,0.000158,MEDIUM,0.41,652.13,4866,2026-05-19T05:37:29Z,LOW
69074,CZ-6A R/B,ROCKET_BODY,862.6,43.41,0.0138,0.570147,LARGE,8.824,102.04,37,2026-05-06T02:17:37Z,HIGH
55019,ONEWEB-8862,PAYLOAD,994.5,62.06,0.01435,0.458965,LARGE,2.044,104.85,1559,2026-05-04T06:36:32Z,LOW
21876,FALCON 9 R/B,ROCKET_BODY,35822.9,0.6,0.01404,0.000117,LARGE,2.363,1437.59,4688,2026-05-19T08:44:17Z,LOW
42582,COSMOS-7811,PAYLOAD,10477.9,52.37,0.00426,0.00012,LARGE,1.877,362.76,6254,2026-05-09T03:01:26Z,LOW
29130,COSMOS-8868,PAYLOAD,1678.5,41.85,0.0447,0.1772,LARGE,1.838,119.79,8665,2026-05-16T23:00:08Z,LOW
86003,CZ-6A DEB,DEBRIS,1356.0,40.02,0.00971,0.201268,LARGE,1.622,112.66,7541,2026-05-16T19:08:04Z,MEDIUM
75941,COSMOS 2251 DEB,DEBRIS,1787.3,68.65,0.00261,0.078075,MEDIUM,0.228,122.22,8297,2026-05-16T19:30:10Z,LOW
57260,CZ-6A DEB,DEBRIS,1389.3,120.96,0.01778,0.250115,SMALL,0.071,113.39,7193,2026-05-15T06:44:35Z,MEDIUM
22507,IRIDIUM 33 DEB,DEBRIS,872.5,123.86,0.02284,0.176208,MEDIUM,0.155,102.25,6995,2026-05-19T06:47:17Z,HIGH
30892,CZ-6A R/B,ROCKET_BODY,35739.5,0.14,0.03055,0.000113,LARGE,8.543,1433.33,3132,2026-05-08T21:25:05Z,LOW
30597,NOAA 16 DEB,DEBRIS,1374.3,36.43,0.01357,0.16154,SMALL,0.06,113.06,8147,2026-05-04T02:17:22Z,MEDIUM
89849,COSMOS 2251 DEB,DEBRIS,561.1,70.71,0.02602,0.0,MEDIUM,0.217,95.73,8670,2026-05-10T08:55:14Z,MEDIUM
73057,FENGYUN 1C DEB,DEBRIS,1392.0,173.64,0.0083,0.242481,MEDIUM,0.283,113.45,4636,2026-05-04T17:42:37Z,MEDIUM
51598,IRIDIUM 33 DEB,DEBRIS,1422.2,124.2,0.02336,0.065057,MEDIUM,0.872,114.11,1109,2026-04-26T07:06:34Z,MEDIUM
34754,IRIDIUM 33 DEB,DEBRIS,554.1,106.61,0.02309,0.469526,MEDIUM,0.531,95.59,412,2026-05-05T20:30:29Z,HIGH
96798,FENGYUN 1C DEB,DEBRIS,489.3,97.14,0.03526,0.636081,MEDIUM,0.509,94.25,4460,2026-05-10T00:27:21Z,LOW
49084,PLANET-DOVE-2372,PAYLOAD,525.1,13.59,0.02837,0.703373,MEDIUM,0.768,94.99,5724,2026-05-10T14:40:50Z,LOW
36068,FENGYUN 1C DEB,DEBRIS,572.5,160.81,0.01314,0.50405,MEDIUM,0.668,95.97,5004,2026-05-05T04:58:39Z,MEDIUM
29336,FALCON 9 R/B,ROCKET_BODY,865.6,112.59,0.02146,0.373839,LARGE,5.279,102.11,8069,2026-05-16T18:20:37Z,HIGH
37463,SL-16 R/B,ROCKET_BODY,1592.1,102.9,0.04803,0.111924,LARGE,3.973,117.86,4842,2026-05-03T13:14:12Z,LOW
65110,CZ-6A DEB,DEBRIS,11778.8,57.82,0.01484,6.6e-05,MEDIUM,0.441,405.57,5959,2026-05-14T10:15:26Z,LOW
67734,FENGYUN 1C DEB,DEBRIS,1553.2,70.54,0.0262,0.066395,SMALL,0.096,117.0,6828,2026-05-03T02:07:41Z,LOW
52278,IRIDIUM 33 DEB,DEBRIS,560.9,45.84,0.00653,1.067442,MEDIUM,0.778,95.73,8056,2026-05-24T14:21:45Z,MEDIUM
65253,STARLINK-3894,PAYLOAD,565.3,135.96,0.0036,0.0,LARGE,3.11,95.82,5498,2026-05-14T11:14:30Z,LOW
42959,NOAA 16 DEB,DEBRIS,1436.6,91.72,0.01648,0.131853,MEDIUM,0.403,114.43,5030,2026-05-11T16:55:17Z,MEDIUM
26087,CZ-6A DEB,DEBRIS,562.7,6.11,0.00543,0.463847,MEDIUM,0.176,95.77,721,2026-05-07T21:03:55Z,HIGH
57300,IRIDIUM-1656,PAYLOAD,518.6,71.84,0.00485,0.86921,LARGE,2.986,94.85,5791,2026-05-17T16:17:56Z,LOW
39444,ONEWEB-3869,PAYLOAD,464.7,167.15,0.00866,0.096836,LARGE,1.402,93.74,1643,2026-05-07T18:34:39Z,LOW
66460,IRIDIUM-2160,PAYLOAD,35823.5,0.08,0.00975,8.7e-05,LARGE,1.429,1437.62,3337,2026-05-19T02:19:48Z,LOW
33946,NOAA 16 DEB,DEBRIS,533.3,74.38,0.00042,0.636217,MEDIUM,0.54,95.16,4804,2026-04-29T18:36:52Z,HIGH
35738,ATLAS 5 CENTAUR R/B,ROCKET_BODY,876.6,112.31,0.00066,0.628099,LARGE,5.814,102.34,771,2026-05-19T14:32:36Z,HIGH
56674,COSMOS 2251 DEB,DEBRIS,1387.6,144.3,0.04248,0.19575,MEDIUM,0.743,113.35,6260,2026-05-23T20:32:30Z,MEDIUM
93284,SL-16 R/B,ROCKET_BODY,35771.4,0.39,0.00288,9.1e-05,LARGE,9.46,1434.96,2546,2026-05-02T06:40:02Z,LOW
54476,IRIDIUM 33 DEB,DEBRIS,35556.4,0.21,0.01188,4.4e-05,MEDIUM,0.138,1423.99,4642,2026-05-01T17:13:36Z,LOW
36949,FALCON 9 R/B,ROCKET_BODY,878.0,20.51,0.00654,0.584499,LARGE,3.156,102.37,3171,2026-05-23T15:30:43Z,HIGH
73094,CZ-6A DEB,DEBRIS,1405.2,166.43,0.00679,0.044306,MEDIUM,0.181,113.74,3218,2026-05-07T04:23:55Z,MEDIUM
84343,IRIDIUM-6438,PAYLOAD,895.1,162.71,0.02909,0.353395,LARGE,5.789,102.73,3562,2026-05-15T20:40:02Z,LOW
83180,ARIANE 5 R/B,ROCKET_BODY,10494.6,56.89,0.02643,1.9e-05,LARGE,4.58,363.3,488,2026-04-30T16:56:50Z,LOW
73796,IRIDIUM 33 DEB,DEBRIS,539.7,112.45,0.01914,0.515419,LARGE,1.75,95.29,1782,2026-05-07T19:49:58Z,MEDIUM
81532,CZ-6A DEB,DEBRIS,566.4,38.31,0.00867,1.679004,MEDIUM,0.64,95.84,7079,2026-05-16T02:15:46Z,HIGH
50120,COSMOS 2251 DEB,DEBRIS,567.7,80.63,0.02652,0.481569,MEDIUM,0.335,95.87,1123,2026-05-21T20:17:18Z,MEDIUM
93904,KUIPER-4138,PAYLOAD,602.6,36.49,0.03073,0.766878,LARGE,1.361,96.59,4489,2026-05-08T02:00:45Z,LOW
94228,PLANET-DOVE-9983,PAYLOAD,11959.6,52.47,0.00598,0.000165,MEDIUM,0.478,411.65,1286,2026-04-27T06:06:04Z,LOW
88235,COSMOS-1105,PAYLOAD,490.3,176.56,0.02234,0.958796,MEDIUM,0.879,94.27,4862,2026-05-07T09:49:40Z,LOW
33970,ONEWEB-2513,PAYLOAD,534.0,46.65,0.00029,1.030801,MEDIUM,0.576,95.17,5803,2026-05-14T06:53:47Z,LOW
49166,FENGYUN 1C DEB,DEBRIS,579.7,106.76,0.02652,0.406069,SMALL,0.071,96.12,4236,2026-05-21T06:04:05Z,MEDIUM
70187,IRIDIUM 33 DEB,DEBRIS,1454.1,54.05,0.00394,0.1413,MEDIUM,0.426,114.81,6950,2026-05-20T00:23:22Z,MEDIUM
65126,COSMOS 2251 DEB,DEBRIS,858.4,66.71,0.00405,0.18249,MEDIUM,0.137,101.96,2410,2026-05-17T18:49:31Z,HIGH
30445,FENGYUN 1C DEB,DEBRIS,584.5,71.6,0.0341,0.195035,MEDIUM,0.299,96.22,5034,2026-04-29T23:01:03Z,MEDIUM
66709,FENGYUN 1C DEB,DEBRIS,1426.5,60.31,0.01416,0.248132,MEDIUM,0.549,114.21,2509,2026-05-10T14:18:36Z,MEDIUM
51282,COSMOS 2251 DEB,DEBRIS,880.4,114.73,0.0102,0.253751,MEDIUM,0.756,102.42,4595,2026-05-12T06:47:57Z,HIGH
28828,COSMOS-9746,PAYLOAD,537.4,172.97,0.00818,0.0,LARGE,2.523,95.24,599,2026-05-09T01:23:06Z,LOW
96982,PLANET-DOVE-7175,PAYLOAD,861.6,77.15,0.01155,0.80761,LARGE,1.783,102.02,2443,2026-05-22T16:35:22Z,LOW
49351,CZ-6A DEB,DEBRIS,591.3,175.2,0.01341,0.319229,MEDIUM,0.166,96.36,6377,2026-05-23T19:07:44Z,LOW
91752,NOAA 16 DEB,DEBRIS,916.2,120.2,0.01531,0.305147,MEDIUM,0.376,103.18,7008,2026-05-01T07:21:52Z,MEDIUM
69826,ONEWEB-1083,PAYLOAD,876.0,109.28,0.02234,0.759868,LARGE,1.903,102.33,2468,2026-05-23T16:39:09Z,MEDIUM
83982,FALCON 9 R/B,ROCKET_BODY,851.5,42.68,0.0085,0.364931,LARGE,2.668,101.81,2345,2026-05-20T09:28:57Z,HIGH
66042,FENGYUN 1C DEB,DEBRIS,548.1,11.33,0.00265,0.59652,MEDIUM,0.187,95.46,2708,2026-05-16T03:26:06Z,MEDIUM
35075,ONEWEB-7554,PAYLOAD,1419.5,153.35,0.01589,0.040719,LARGE,3.776,114.05,2534,2026-05-06T10:38:17Z,LOW
95834,FALCON 9 R/B,ROCKET_BODY,1223.2,103.32,0.02163,0.0041,LARGE,3.916,109.77,8941,2026-05-17T19:18:23Z,LOW
51579,CZ-6A DEB,DEBRIS,1406.6,74.59,0.01455,0.142344,MEDIUM,0.113,113.77,5870,2026-05-12T14:02:34Z,MEDIUM
58414,IRIDIUM 33 DEB,DEBRIS,10043.7,59.32,0.00106,0.000109,MEDIUM,0.129,348.83,3490,2026-05-21T23:20:48Z,LOW
68346,IRIDIUM-3082,PAYLOAD,813.0,55.9,0.02367,0.503244,MEDIUM,0.747,101.0,4174,2026-05-16T08:06:41Z,LOW
56304,COSMOS 2251 DEB,DEBRIS,895.4,141.05,0.01246,0.263666,MEDIUM,0.203,102.74,4610,2026-05-23T22:18:08Z,HIGH
71322,ONEWEB-7999,PAYLOAD,35747.2,0.27,0.02141,0.0,LARGE,1.295,1433.72,4990,2026-05-07T13:50:44Z,LOW
61586,NOAA 16 DEB,DEBRIS,510.1,165.76,0.05891,0.0,LARGE,1.016,94.68,3496,2026-04-27T11:14:16Z,MEDIUM
88965,STARLINK-5416,PAYLOAD,1384.9,48.23,0.0036,0.209222,LARGE,1.605,113.29,8770,2026-05-09T18:13:10Z,LOW
55207,FALCON 9 R/B,ROCKET_BODY,853.4,24.76,0.01143,0.436094,LARGE,10.797,101.85,2633,2026-05-24T22:05:02Z,HIGH
40222,IRIDIUM-2405,PAYLOAD,619.7,125.66,0.01296,1.281991,MEDIUM,0.371,96.95,3863,2026-05-14T15:38:07Z,LOW
39478,STARLINK-2112,PAYLOAD,535.2,29.31,0.03442,0.678737,LARGE,2.24,95.2,82,2026-05-16T02:10:33Z,LOW
54120,FENGYUN 1C DEB,DEBRIS,838.0,170.89,0.00794,0.177203,MEDIUM,0.136,101.52,4439,2026-05-13T18:14:13Z,HIGH
77344,STARLINK-3630,PAYLOAD,830.7,118.0,0.01441,0.400354,LARGE,1.035,101.37,7698,2026-05-12T18:46:34Z,LOW
62443,PLANET-DOVE-9662,PAYLOAD,908.1,41.55,0.0156,0.291562,LARGE,1.87,103.01,8975,2026-04-26T20:10:42Z,LOW
32491,IRIDIUM-1834,PAYLOAD,751.6,37.59,0.01319,0.593985,LARGE,1.857,99.71,4274,2026-05-07T09:28:49Z,LOW
49432,COSMOS 2251 DEB,DEBRIS,814.9,166.3,0.00614,0.430779,MEDIUM,0.174,101.04,1280,2026-04-27T14:14:32Z,HIGH
30095,COSMOS 2251 DEB,DEBRIS,945.6,109.41,0.00434,0.083204,LARGE,2.054,103.81,6487,2026-05-05T02:12:02Z,MEDIUM
22136,COSMOS 2251 DEB,DEBRIS,570.7,160.87,0.0169,0.011817,SMALL,0.054,95.93,5775,2026-05-16T14:16:21Z,HIGH
64087,KUIPER-6590,PAYLOAD,35872.3,0.8,0.02406,6.7e-05,LARGE,1.406,1440.11,8629,2026-05-19T03:01:52Z,LOW
84376,FALCON 9 R/B,ROCKET_BODY,811.3,166.57,0.00685,0.78042,LARGE,5.838,100.96,4561,2026-05-01T17:00:01Z,MEDIUM
86801,COSMOS-3251,PAYLOAD,1398.5,93.61,0.01128,0.167911,LARGE,1.456,113.59,55,2026-05-14T15:11:35Z,LOW
41419,FALCON 9 R/B,ROCKET_BODY,552.4,120.32,0.00416,0.97702,LARGE,4.745,95.55,8110,2026-05-01T19:03:46Z,HIGH
97817,CZ-6A DEB,DEBRIS,1429.6,67.12,0.01774,0.244664,MEDIUM,0.444,114.28,6085,2026-05-01T00:30:27Z,MEDIUM
56423,NOAA 16 DEB,DEBRIS,614.4,10.65,0.01543,0.686935,MEDIUM,0.504,96.84,7207,2026-05-23T19:11:52Z,LOW
99567,FALCON 9 R/B,ROCKET_BODY,1413.6,172.44,0.00144,0.079915,LARGE,8.176,113.92,1094,2026-05-13T07:08:09Z,MEDIUM
82927,ONEWEB-9577,PAYLOAD,831.1,179.03,0.00272,0.461001,LARGE,1.953,101.38,4130,2026-04-30T22:12:09Z,MEDIUM
85110,COSMOS 2251 DEB,DEBRIS,1427.5,65.62,0.00293,0.263322,MEDIUM,0.629,114.23,4137,2026-04-29T05:38:22Z,MEDIUM
89430,SL-16 R/B,ROCKET_BODY,825.6,169.9,0.01519,0.548848,LARGE,4.006,101.26,2430,2026-04-26T11:38:15Z,MEDIUM
33167,IRIDIUM-7925,PAYLOAD,1053.4,30.19,0.03204,0.412785,LARGE,4.788,106.11,7625,2026-05-09T21:44:59Z,LOW
26605,ONEWEB-2862,PAYLOAD,788.4,27.84,0.01541,0.320115,MEDIUM,0.615,100.48,1716,2026-04-28T00:53:01Z,LOW
71681,ONEWEB-8085,PAYLOAD,1345.2,13.16,0.02428,0.153902,LARGE,2.316,112.43,671,2026-05-12T12:05:22Z,LOW
62578,KUIPER-8491,PAYLOAD,1368.6,70.43,0.03084,0.156468,LARGE,5.54,112.94,2131,2026-05-08T00:18:50Z,LOW
85083,ONEWEB-8506,PAYLOAD,508.8,9.41,0.01238,0.684349,LARGE,2.664,94.65,8906,2026-05-14T01:41:33Z,LOW
25229,CZ-6A R/B,ROCKET_BODY,561.0,71.04,0.02666,1.100852,LARGE,5.718,95.73,1047,2026-05-01T05:24:04Z,HIGH
94870,NOAA 16 DEB,DEBRIS,808.0,24.91,0.01692,0.0,MEDIUM,0.408,100.89,5240,2026-04-29T08:35:19Z,HIGH
99396,KUIPER-7208,PAYLOAD,440.0,131.5,0.00333,0.806399,MEDIUM,0.974,93.23,1672,2026-04-28T00:33:36Z,LOW
56734,ARIANE 5 R/B,ROCKET_BODY,813.5,150.01,0.01387,0.404661,LARGE,4.037,101.01,3573,2026-04-27T20:49:51Z,MEDIUM
89237,FENGYUN 1C DEB,DEBRIS,35651.5,1.11,0.00662,0.000127,MEDIUM,0.599,1428.84,4980,2026-04-27T04:03:27Z,LOW
27211,CZ-6A DEB,DEBRIS,833.5,36.09,0.00996,0.576655,MEDIUM,0.375,101.43,205,2026-05-02T18:16:11Z,HIGH
94597,SL-16 R/B,ROCKET_BODY,828.8,138.03,0.00692,0.234164,LARGE,3.927,101.33,2193,2026-05-19T00:18:45Z,HIGH
43667,IRIDIUM-3473,PAYLOAD,603.2,44.91,0.0014,0.474065,MEDIUM,0.934,96.61,5293,2026-05-13T05:03:41Z,LOW
24807,NOAA 16 DEB,DEBRIS,35795.0,0.51,0.01665,5.2e-05,MEDIUM,0.258,1436.16,160,2026-05-02T12:15:46Z,LOW
49921,COSMOS-7647,PAYLOAD,410.9,102.13,0.01345,1.334963,LARGE,6.615,92.64,4469,2026-05-22T22:48:41Z,LOW
44323,ONEWEB-841,PAYLOAD,880.8,66.01,0.01442,0.510771,MEDIUM,0.858,102.43,5444,2026-05-17T19:57:58Z,LOW
66339,CZ-6A DEB,DEBRIS,35912.8,0.35,0.00902,0.000133,MEDIUM,0.271,1442.18,1961,2026-05-18T08:58:08Z,LOW
98608,CZ-6A R/B,ROCKET_BODY,1399.3,148.95,0.00722,0.144251,LARGE,5.027,113.61,1484,2026-05-21T22:57:49Z,MEDIUM
83289,CZ-6A DEB,DEBRIS,35725.2,0.88,0.03858,7.4e-05,MEDIUM,0.238,1432.6,4429,2026-05-17T08:54:41Z,LOW
99417,FALCON 9 R/B,ROCKET_BODY,548.5,119.87,0.00749,0.978978,LARGE,1.85,95.47,6476,2026-05-23T16:53:28Z,MEDIUM
79413,NOAA 16 DEB,DEBRIS,820.8,173.62,0.03063,0.230998,LARGE,1.057,101.16,144,2026-05-04T21:46:02Z,MEDIUM
92603,COSMOS-4065,PAYLOAD,547.9,168.14,0.00968,0.105808,LARGE,1.279,95.46,3059,2026-05-20T16:26:01Z,LOW
35831,PLANET-DOVE-7877,PAYLOAD,1373.2,35.03,0.02718,0.224042,MEDIUM,0.947,113.04,8995,2026-04-28T08:25:45Z,LOW
63578,STARLINK-7437,PAYLOAD,35786.2,0.48,0.02967,4.6e-05,LARGE,2.028,1435.71,3041,2026-05-04T00:06:15Z,LOW
48299,COSMOS-9887,PAYLOAD,556.0,62.87,0.00086,0.093097,LARGE,10.795,95.63,3009,2026-05-21T18:11:46Z,MEDIUM
68987,CZ-6A DEB,DEBRIS,35681.7,0.97,0.03822,2.6e-05,LARGE,1.723,1430.38,6646,2026-04-29T00:02:34Z,LOW
98430,PLANET-DOVE-3504,PAYLOAD,1420.0,28.25,0.01438,0.129677,LARGE,1.545,114.06,4337,2026-05-10T00:36:52Z,LOW
30664,CZ-6A R/B,ROCKET_BODY,516.9,175.46,0.01255,0.918437,LARGE,5.759,94.82,3539,2026-05-05T05:11:40Z,MEDIUM
30466,CZ-6A DEB,DEBRIS,35916.2,0.77,0.00248,9.6e-05,MEDIUM,0.405,1442.36,7069,2026-04-28T00:22:04Z,LOW
23434,FENGYUN 1C DEB,DEBRIS,884.7,48.04,0.02766,0.239653,MEDIUM,0.892,102.51,306,2026-05-02T01:52:23Z,HIGH
55877,FALCON 9 R/B,ROCKET_BODY,35779.3,0.75,0.02346,4e-05,LARGE,12.403,1435.36,6423,2026-05-11T01:10:38Z,LOW
48566,ARIANE 5 R/B,ROCKET_BODY,564.9,76.05,0.01616,0.450958,LARGE,5.4,95.81,3444,2026-05-13T22:06:13Z,HIGH
87221,NOAA 16 DEB,DEBRIS,834.3,134.56,0.00221,0.303845,MEDIUM,0.123,101.45,8000,2026-05-15T06:17:43Z,HIGH
25720,CZ-6A DEB,DEBRIS,855.1,166.63,0.00907,0.269849,MEDIUM,0.132,101.89,6532,2026-04-28T22:39:44Z,HIGH
42490,IRIDIUM 33 DEB,DEBRIS,847.1,57.86,0.00515,0.674433,LARGE,1.185,101.72,8473,2026-05-04T14:19:40Z,HIGH
63889,NOAA 16 DEB,DEBRIS,519.6,85.05,0.05216,0.576756,MEDIUM,0.282,94.87,1184,2026-04-28T02:59:27Z,MEDIUM
42167,FENGYUN 1C DEB,DEBRIS,552.5,106.78,0.00967,1.197104,SMALL,0.066,95.55,1726,2026-04-25T06:39:33Z,MEDIUM
37907,PLANET-DOVE-1980,PAYLOAD,528.3,70.8,0.00376,1.414948,MEDIUM,0.845,95.05,8131,2026-05-06T17:11:42Z,LOW
61730,ATLAS 5 CENTAUR R/B,ROCKET_BODY,1032.0,90.75,0.02882,0.164375,LARGE,5.904,105.65,3531,2026-05-13T15:33:25Z,LOW
44440,COSMOS-7538,PAYLOAD,15142.9,56.41,0.0023,6.2e-05,LARGE,2.973,523.41,7345,2026-05-06T02:58:42Z,LOW
73340,CZ-6A DEB,DEBRIS,793.2,30.18,0.02515,0.715021,MEDIUM,0.12,100.58,6190,2026-04-26T04:52:07Z,MEDIUM
25245,NOAA 16 DEB,DEBRIS,537.4,72.2,0.02835,0.535095,MEDIUM,0.116,95.24,4512,2026-05-01T14:22:28Z,HIGH
60314,ATLAS 5 CENTAUR R/B,ROCKET_BODY,35789.7,0.45,0.00407,0.000125,LARGE,9.823,1435.89,433,2026-05-07T23:36:40Z,LOW
96928,ARIANE 5 R/B,ROCKET_BODY,1414.3,62.88,0.02598,0.10097,LARGE,2.847,113.94,692,2026-05-05T16:08:19Z,MEDIUM
88913,STARLINK-3853,PAYLOAD,525.7,44.96,0.0364,0.515629,LARGE,2.053,95.0,6460,2026-05-19T17:50:17Z,LOW
75209,IRIDIUM 33 DEB,DEBRIS,938.2,133.72,0.01047,0.613853,MEDIUM,0.375,103.65,903,2026-05-12T22:32:55Z,MEDIUM
79748,STARLINK-325,PAYLOAD,1431.0,170.84,0.0128,0.166397,LARGE,1.409,114.31,73,2026-05-24T23:10:13Z,LOW
20251,STARLINK-7694,PAYLOAD,1295.0,82.64,0.01635,0.337138,LARGE,3.165,111.33,1999,2026-04-30T06:21:37Z,LOW
48877,COSMOS-7541,PAYLOAD,1427.8,1.55,0.00746,0.197904,MEDIUM,0.683,114.24,8229,2026-05-06T02:37:05Z,LOW
20366,KUIPER-457,PAYLOAD,914.9,123.87,0.00037,0.292275,MEDIUM,0.779,103.15,5649,2026-04-27T14:53:12Z,LOW
97126,ARIANE 5 R/B,ROCKET_BODY,842.1,74.71,0.02253,0.310257,LARGE,3.293,101.61,6471,2026-04-25T14:29:28Z,HIGH
27592,CZ-6A R/B,ROCKET_BODY,460.4,121.26,0.00588,1.023337,LARGE,5.043,93.65,5879,2026-05-22T17:15:56Z,LOW
69443,COSMOS-9631,PAYLOAD,1463.7,49.99,0.03431,0.21455,LARGE,1.03,115.03,5102,2026-05-09T18:53:24Z,LOW
47396,ONEWEB-9403,PAYLOAD,1134.8,0.43,0.02102,0.397511,LARGE,2.332,107.86,2329,2026-05-14T19:03:45Z,LOW
41213,IRIDIUM-232,PAYLOAD,328.6,62.01,0.0052,0.803833,LARGE,1.978,90.96,3877,2026-05-03T06:55:05Z,LOW
97543,PLANET-DOVE-538,PAYLOAD,15388.8,53.02,0.03227,0.000111,LARGE,1.091,532.4,4916,2026-04-26T13:06:25Z,LOW
83875,IRIDIUM-4637,PAYLOAD,559.6,70.76,0.00094,0.876124,LARGE,1.846,95.7,8892,2026-05-21T18:47:52Z,LOW
99727,FENGYUN 1C DEB,DEBRIS,596.2,39.45,0.02284,0.469764,MEDIUM,0.949,96.46,8095,2026-05-14T18:03:38Z,MEDIUM
47696,IRIDIUM-3685,PAYLOAD,1413.4,83.52,0.0378,0.049881,LARGE,1.283,113.92,6636,2026-05-16T08:16:56Z,LOW
52415,STARLINK-5598,PAYLOAD,878.0,135.42,0.0483,0.197006,MEDIUM,0.515,102.37,7325,2026-05-11T00:02:09Z,LOW
82985,STARLINK-5428,PAYLOAD,817.1,21.5,0.01616,0.361301,LARGE,1.621,101.08,7271,2026-05-07T03:06:45Z,MEDIUM
25323,CZ-6A R/B,ROCKET_BODY,1114.7,124.52,0.01014,0.359416,LARGE,3.383,107.43,6019,2026-05-07T16:02:15Z,LOW
54204,PLANET-DOVE-9506,PAYLOAD,35894.3,1.31,0.01421,0.000154,LARGE,1.716,1441.24,7433,2026-05-17T20:39:37Z,LOW
81590,KUIPER-9382,PAYLOAD,906.5,66.73,0.00119,0.067824,LARGE,3.537,102.98,687,2026-05-01T19:37:32Z,LOW
48279,FENGYUN 1C DEB,DEBRIS,16710.5,55.13,0.04107,8.4e-05,MEDIUM,0.296,581.64,226,2026-05-05T05:40:05Z,LOW
43088,IRIDIUM-2321,PAYLOAD,553.5,161.05,0.00433,0.514679,LARGE,1.581,95.57,4015,2026-05-04T05:21:24Z,LOW
22461,SL-16 R/B,ROCKET_BODY,828.2,56.91,0.00072,0.61236,LARGE,4.511,101.32,520,2026-05-10T15:40:11Z,HIGH
82009,CZ-6A R/B,ROCKET_BODY,528.3,5.6,0.01385,0.466935,LARGE,7.908,95.05,3074,2026-05-24T00:42:18Z,MEDIUM
63955,COSMOS-3034,PAYLOAD,527.3,55.49,0.02792,0.508127,MEDIUM,0.589,95.03,1809,2026-05-22T16:24:19Z,LOW
56421,SL-16 R/B,ROCKET_BODY,525.2,36.85,0.06027,0.104986,LARGE,10.836,94.99,8620,2026-05-11T08:15:38Z,MEDIUM
76237,IRIDIUM 33 DEB,DEBRIS,35838.9,0.66,0.00386,0.000104,MEDIUM,0.225,1438.41,5907,2026-05-01T00:06:47Z,LOW
84733,FENGYUN 1C DEB,DEBRIS,13926.1,60.04,0.00408,1.6e-05,MEDIUM,0.346,479.63,406,2026-05-23T05:05:39Z,LOW
71777,STARLINK-4567,PAYLOAD,1685.1,156.66,0.00822,0.060399,LARGE,2.386,119.94,5626,2026-05-04T09:24:06Z,LOW
60478,STARLINK-9662,PAYLOAD,1347.5,55.05,0.02227,0.147329,MEDIUM,0.9,112.48,6600,2026-05-05T16:33:21Z,LOW
49603,KUIPER-9265,PAYLOAD,843.2,77.15,0.02904,0.677866,MEDIUM,0.602,101.63,2946,2026-05-21T13:37:38Z,MEDIUM
60116,SL-16 R/B,ROCKET_BODY,10032.7,51.36,0.02324,4.3e-05,LARGE,2.856,348.48,7948,2026-05-02T21:35:33Z,LOW
50854,IRIDIUM 33 DEB,DEBRIS,829.2,97.95,0.04687,0.204909,MEDIUM,0.306,101.34,8757,2026-05-08T20:33:08Z,HIGH
86446,PLANET-DOVE-5797,PAYLOAD,1438.8,11.41,0.02347,0.262472,LARGE,1.413,114.48,8826,2026-05-22T12:04:23Z,LOW
77908,ONEWEB-8331,PAYLOAD,1284.3,168.95,0.03077,0.202698,LARGE,2.409,111.1,865,2026-05-04T12:52:47Z,LOW
94983,COSMOS 2251 DEB,DEBRIS,1179.8,156.05,0.008,0.323506,MEDIUM,0.761,108.83,4057,2026-05-13T17:30:24Z,LOW
50839,KUIPER-1097,PAYLOAD,824.0,38.55,0.00507,0.51821,LARGE,2.723,101.23,6997,2026-04-26T02:51:18Z,MEDIUM
52963,ATLAS 5 CENTAUR R/B,ROCKET_BODY,16873.7,58.45,0.00319,0.000128,LARGE,3.654,587.82,4001,2026-05-24T20:49:52Z,LOW
76927,FENGYUN 1C DEB,DEBRIS,1163.1,102.24,0.00433,0.187696,MEDIUM,0.655,108.47,4343,2026-05-07T13:38:46Z,LOW
22508,KUIPER-3617,PAYLOAD,35715.9,0.0,0.00917,0.000176,MEDIUM,0.757,1432.12,2975,2026-05-15T02:36:29Z,LOW
50419,STARLINK-8369,PAYLOAD,862.6,85.62,0.0134,0.664601,LARGE,2.874,102.04,3786,2026-05-10T00:25:58Z,LOW
34392,KUIPER-9206,PAYLOAD,875.1,34.52,0.00032,0.632918,LARGE,1.363,102.31,6260,2026-05-08T00:27:49Z,LOW
48428,IRIDIUM 33 DEB,DEBRIS,327.1,115.17,0.01041,0.275967,MEDIUM,0.207,90.93,259,2026-05-07T04:33:34Z,LOW
53881,STARLINK-2354,PAYLOAD,887.8,14.45,0.0193,0.669383,LARGE,1.393,102.58,7200,2026-04-25T12:47:37Z,LOW
86565,STARLINK-538,PAYLOAD,850.3,105.23,0.01135,0.313821,LARGE,1.972,101.78,6558,2026-05-03T07:46:14Z,MEDIUM
42860,STARLINK-5674,PAYLOAD,577.7,38.29,0.018,0.344324,LARGE,2.271,96.08,1273,2026-05-06T10:04:29Z,LOW
94997,PLANET-DOVE-5889,PAYLOAD,832.9,123.29,0.0034,0.369612,LARGE,3.459,101.42,6951,2026-05-06T01:46:25Z,MEDIUM
88648,COSMOS 2251 DEB,DEBRIS,786.6,149.05,0.01365,0.666032,MEDIUM,0.421,100.44,4706,2026-05-03T04:56:41Z,HIGH
97296,IRIDIUM-2384,PAYLOAD,1409.4,19.71,0.00741,0.208434,LARGE,2.08,113.83,2891,2026-05-14T06:33:36Z,LOW
29075,FALCON 9 R/B,ROCKET_BODY,875.4,72.05,0.04449,0.324546,LARGE,4.987,102.32,4115,2026-05-19T20:58:36Z,HIGH
51073,ARIANE 5 R/B,ROCKET_BODY,570.1,132.03,0.03921,0.95794,LARGE,3.126,95.92,4667,2026-05-21T17:43:17Z,MEDIUM
81988,FENGYUN 1C DEB,DEBRIS,35734.2,0.54,0.01439,9.8e-05,LARGE,1.364,1433.06,1918,2026-05-24T04:02:01Z,LOW
34647,KUIPER-2782,PAYLOAD,999.2,101.97,0.00513,0.204621,LARGE,2.226,104.95,5469,2026-05-14T11:45:59Z,LOW
89709,CZ-6A DEB,DEBRIS,10553.8,53.28,0.02131,0.000125,LARGE,2.166,365.21,5674,2026-05-07T07:56:02Z,LOW
95794,COSMOS 2251 DEB,DEBRIS,537.8,63.86,0.01933,0.838382,MEDIUM,0.28,95.25,3327,2026-05-14T09:14:13Z,MEDIUM
94054,STARLINK-4558,PAYLOAD,604.2,149.76,0.0017,0.57248,LARGE,2.345,96.63,4160,2026-04-28T23:18:59Z,LOW
51511,COSMOS 2251 DEB,DEBRIS,569.3,91.92,0.00845,0.111522,SMALL,0.043,95.9,5551,2026-05-19T12:08:59Z,MEDIUM
59390,IRIDIUM 33 DEB,DEBRIS,18834.9,52.93,0.00988,0.000124,MEDIUM,0.404,663.76,4547,2026-05-11T01:10:57Z,LOW
77475,ONEWEB-9784,PAYLOAD,864.9,25.36,0.01727,0.277646,LARGE,3.022,102.09,3924,2026-04-29T22:54:10Z,MEDIUM
42962,CZ-6A DEB,DEBRIS,830.4,4.17,0.03258,0.807776,MEDIUM,0.435,101.36,8607,2026-05-07T18:35:53Z,HIGH
55063,ARIANE 5 R/B,ROCKET_BODY,1309.1,9.13,0.02054,0.029431,LARGE,3.878,111.64,7906,2026-05-04T00:47:25Z,LOW
37651,CZ-6A DEB,DEBRIS,519.1,162.71,0.00454,0.618825,LARGE,1.519,94.86,3435,2026-05-05T11:41:09Z,HIGH
90400,CZ-6A DEB,DEBRIS,1459.9,158.88,0.00474,0.083922,MEDIUM,0.495,114.94,6475,2026-04-26T12:25:31Z,LOW
94477,STARLINK-5921,PAYLOAD,907.3,145.37,0.00035,0.150732,MEDIUM,0.927,102.99,7297,2026-04-25T11:33:46Z,LOW
20098,NOAA 16 DEB,DEBRIS,880.4,35.93,0.00182,0.269079,MEDIUM,0.12,102.42,1021,2026-05-05T11:44:21Z,HIGH
29310,STARLINK-4681,PAYLOAD,837.5,94.58,0.03095,0.841986,LARGE,1.303,101.51,5338,2026-05-04T01:12:01Z,MEDIUM
59104,FENGYUN 1C DEB,DEBRIS,560.1,143.3,0.06967,0.703999,SMALL,0.059,95.71,7202,2026-05-24T23:09:11Z,MEDIUM
36112,CZ-6A DEB,DEBRIS,855.4,121.44,0.0294,0.20803,MEDIUM,0.363,101.89,544,2026-05-02T21:03:03Z,HIGH
37024,KUIPER-611,PAYLOAD,453.9,20.79,0.00631,0.0,LARGE,1.023,93.52,3057,2026-05-04T21:06:17Z,LOW
70655,ARIANE 5 R/B,ROCKET_BODY,10231.1,55.15,0.0176,6e-05,LARGE,3.802,354.82,7186,2026-05-22T10:57:02Z,LOW
36694,COSMOS-9641,PAYLOAD,518.3,28.92,0.01847,0.4713,LARGE,6.83,94.85,8422,2026-05-20T19:02:11Z,LOW
24708,STARLINK-1995,PAYLOAD,848.2,30.92,0.0135,0.248566,LARGE,2.928,101.74,8931,2026-04-26T16:55:58Z,MEDIUM
32129,PLANET-DOVE-7805,PAYLOAD,837.5,162.18,0.02022,0.353384,LARGE,3.618,101.51,5442,2026-04-27T13:45:35Z,MEDIUM
81130,STARLINK-1684,PAYLOAD,558.6,87.23,0.00373,0.0,LARGE,1.266,95.68,412,2026-04-27T20:23:26Z,LOW
30145,COSMOS-444,PAYLOAD,589.5,67.12,0.02115,0.583285,LARGE,1.774,96.32,277,2026-05-08T18:59:34Z,LOW
71543,PLANET-DOVE-6728,PAYLOAD,538.7,99.66,0.02724,1.086015,LARGE,2.222,95.27,7305,2026-05-12T04:15:27Z,MEDIUM
64805,CZ-6A DEB,DEBRIS,35825.6,0.27,0.00942,5.4e-05,MEDIUM,0.393,1437.73,6617,2026-05-05T13:03:11Z,LOW
83287,IRIDIUM 33 DEB,DEBRIS,513.0,21.53,0.01645,0.0,MEDIUM,0.861,94.74,1768,2026-04-25T09:20:21Z,MEDIUM
86147,CZ-6A DEB,DEBRIS,15410.8,54.59,0.00583,0.000158,SMALL,0.08,533.21,1202,2026-05-01T01:08:22Z,LOW
79709,IRIDIUM-6970,PAYLOAD,861.4,60.18,0.03333,0.191242,LARGE,3.537,102.02,1337,2026-05-13T10:30:44Z,MEDIUM
20434,IRIDIUM 33 DEB,DEBRIS,538.6,21.07,0.02323,0.730631,MEDIUM,0.571,95.27,7899,2026-05-06T04:12:16Z,MEDIUM
52836,ATLAS 5 CENTAUR R/B,ROCKET_BODY,532.2,75.95,0.05204,0.182089,LARGE,8.245,95.13,6889,2026-04-28T16:57:14Z,HIGH
48787,IRIDIUM-6447,PAYLOAD,539.8,98.78,0.02576,1.347362,LARGE,1.341,95.29,8536,2026-05-14T12:55:12Z,LOW
41411,KUIPER-3561,PAYLOAD,628.5,37.07,0.03558,0.593498,MEDIUM,0.601,97.13,1049,2026-05-13T09:37:42Z,LOW
32744,NOAA 16 DEB,DEBRIS,1543.3,72.95,0.00382,0.116609,MEDIUM,0.187,116.78,6266,2026-05-09T17:01:18Z,LOW
70292,STARLINK-4912,PAYLOAD,536.4,114.42,0.01769,1.318786,LARGE,1.971,95.22,8315,2026-05-23T04:56:04Z,LOW
86815,FALCON 9 R/B,ROCKET_BODY,849.9,103.76,0.00422,0.396066,LARGE,2.931,101.78,4809,2026-05-20T07:55:13Z,HIGH
51175,NOAA 16 DEB,DEBRIS,447.5,130.17,0.00353,0.969888,MEDIUM,0.303,93.39,6973,2026-04-26T04:38:26Z,LOW
77490,STARLINK-2245,PAYLOAD,1914.3,150.55,0.00108,0.037283,LARGE,2.207,125.09,5430,2026-05-22T03:33:41Z,LOW
66164,COSMOS-8172,PAYLOAD,19128.2,53.36,0.01185,8.7e-05,LARGE,1.973,675.38,92,2026-04-26T11:43:22Z,LOW
30627,IRIDIUM 33 DEB,DEBRIS,1428.5,76.13,0.01365,0.096628,MEDIUM,0.115,114.25,3876,2026-05-09T10:57:46Z,MEDIUM
50046,ATLAS 5 CENTAUR R/B,ROCKET_BODY,548.3,89.4,0.00135,1.528612,LARGE,14.389,95.47,2374,2026-05-22T01:12:37Z,MEDIUM
87507,ONEWEB-9437,PAYLOAD,840.5,101.94,0.02707,0.560523,LARGE,2.197,101.58,779,2026-05-24T10:50:34Z,MEDIUM
35894,CZ-6A DEB,DEBRIS,773.8,19.5,0.00139,0.528779,MEDIUM,0.375,100.17,5372,2026-04-25T16:15:21Z,MEDIUM
90465,FENGYUN 1C DEB,DEBRIS,35736.1,0.56,0.01429,0.000114,MEDIUM,0.714,1433.15,8361,2026-04-27T03:51:17Z,LOW
32831,ATLAS 5 CENTAUR R/B,ROCKET_BODY,1159.2,30.94,0.02875,0.369412,LARGE,5.208,108.39,513,2026-05-02T05:43:46Z,LOW
48785,FENGYUN 1C DEB,DEBRIS,547.3,69.45,0.00156,0.122764,MEDIUM,0.174,95.45,2982,2026-05-03T06:57:51Z,MEDIUM
93614,IRIDIUM-7112,PAYLOAD,843.4,175.2,0.02038,0.024162,LARGE,1.437,101.64,6036,2026-05-03T09:12:05Z,MEDIUM
60781,KUIPER-797,PAYLOAD,558.8,104.89,0.022,0.431796,LARGE,3.684,95.68,2836,2026-05-07T12:01:55Z,MEDIUM
77374,CZ-6A R/B,ROCKET_BODY,576.4,77.29,0.01555,1.370672,LARGE,2.125,96.05,1075,2026-05-04T13:33:04Z,MEDIUM
71893,PLANET-DOVE-2693,PAYLOAD,1356.9,101.87,0.03055,0.367407,LARGE,4.333,112.68,1746,2026-05-12T11:32:42Z,LOW
93990,CZ-6A DEB,DEBRIS,513.2,120.43,0.03324,0.511166,MEDIUM,0.728,94.74,251,2026-05-20T14:51:55Z,MEDIUM
62482,FENGYUN 1C DEB,DEBRIS,488.8,78.29,0.00819,0.43472,MEDIUM,0.721,94.24,8931,2026-05-11T09:04:09Z,MEDIUM
82295,STARLINK-5489,PAYLOAD,580.3,80.59,0.00412,0.009892,LARGE,1.072,96.13,4438,2026-05-04T22:59:07Z,LOW
36387,ATLAS 5 CENTAUR R/B,ROCKET_BODY,858.8,126.25,0.0157,0.412476,LARGE,9.019,101.96,8484,2026-05-12T00:56:35Z,HIGH
72506,ONEWEB-8751,PAYLOAD,15839.4,56.68,0.02029,0.00015,LARGE,2.823,549.03,6180,2026-05-13T14:42:57Z,LOW
83390,NOAA 16 DEB,DEBRIS,567.7,97.21,0.00494,0.943303,LARGE,1.261,95.87,3164,2026-05-21T21:18:01Z,HIGH
83980,STARLINK-3112,PAYLOAD,800.0,98.52,0.00872,0.672073,LARGE,1.318,100.72,8483,2026-05-23T10:08:10Z,LOW
50372,IRIDIUM 33 DEB,DEBRIS,612.5,136.22,0.009,0.523661,MEDIUM,0.461,96.8,2362,2026-05-03T07:50:48Z,MEDIUM
69813,FALCON 9 R/B,ROCKET_BODY,1293.6,176.88,0.02866,0.254589,LARGE,2.136,111.3,1650,2026-05-22T13:09:01Z,LOW
33276,ONEWEB-5341,PAYLOAD,555.9,143.24,0.02771,0.378368,MEDIUM,0.77,95.62,7254,2026-05-19T12:08:04Z,LOW
45446,NOAA 16 DEB,DEBRIS,879.9,90.68,0.0174,0.502991,MEDIUM,0.266,102.41,4993,2026-04-28T20:17:08Z,HIGH
40585,COSMOS 2251 DEB,DEBRIS,35616.6,0.81,0.01199,0.000151,MEDIUM,0.171,1427.06,3820,2026-05-11T17:45:37Z,LOW
27140,CZ-6A R/B,ROCKET_BODY,515.5,105.89,0.00493,0.89075,LARGE,4.894,94.79,5306,2026-04-29T13:35:17Z,MEDIUM
45080,CZ-6A DEB,DEBRIS,530.9,150.17,0.02598,0.835121,MEDIUM,0.321,95.11,8711,2026-05-09T17:09:11Z,HIGH
37186,IRIDIUM 33 DEB,DEBRIS,556.3,167.83,0.0134,0.679285,MEDIUM,0.159,95.63,2543,2026-04-26T08:11:50Z,MEDIUM
63125,ATLAS 5 CENTAUR R/B,ROCKET_BODY,650.0,148.56,0.01649,0.824064,LARGE,3.061,97.58,8113,2026-05-03T23:34:39Z,LOW
71534,ATLAS 5 CENTAUR R/B,ROCKET_BODY,560.5,34.01,0.00272,0.037418,LARGE,2.429,95.72,8200,2026-05-12T15:25:20Z,HIGH
27504,PLANET-DOVE-7319,PAYLOAD,906.2,128.26,0.01386,0.131458,MEDIUM,0.602,102.97,6842,2026-05-04T02:55:46Z,LOW
51180,CZ-6A DEB,DEBRIS,35781.7,0.68,0.01271,9.5e-05,MEDIUM,0.622,1435.48,1440,2026-04-25T07:15:12Z,LOW
36441,FALCON 9 R/B,ROCKET_BODY,1442.2,122.58,0.00368,0.019975,LARGE,3.03,114.55,836,2026-05-06T15:42:19Z,LOW
25503,FALCON 9 R/B,ROCKET_BODY,562.9,123.44,0.00758,0.487708,LARGE,3.858,95.77,1109,2026-05-11T05:38:38Z,MEDIUM
96844,ONEWEB-4543,PAYLOAD,815.4,90.03,0.00584,0.328373,LARGE,1.868,101.05,6328,2026-05-17T21:43:39Z,LOW
79111,CZ-6A DEB,DEBRIS,35667.6,0.31,0.00241,0.000192,MEDIUM,0.103,1429.66,3617,2026-04-29T02:14:34Z,LOW
25018,PLANET-DOVE-7751,PAYLOAD,887.1,52.99,0.00193,0.408019,MEDIUM,0.642,102.56,8885,2026-05-09T07:14:51Z,LOW
44040,COSMOS 2251 DEB,DEBRIS,497.6,15.99,0.00325,1.163748,MEDIUM,0.357,94.42,86,2026-04-30T23:06:03Z,LOW
56954,PLANET-DOVE-4428,PAYLOAD,16205.9,55.06,0.0211,0.000136,LARGE,1.86,562.67,3378,2026-04-29T14:45:36Z,LOW
59742,COSMOS 2251 DEB,DEBRIS,906.0,169.77,0.0065,0.247159,MEDIUM,0.473,102.96,2399,2026-04-28T15:49:16Z,HIGH
95257,STARLINK-2731,PAYLOAD,16952.4,54.43,0.01105,0.000165,LARGE,1.004,590.81,7937,2026-05-17T19:06:05Z,LOW
57531,PLANET-DOVE-2242,PAYLOAD,557.0,60.1,0.01541,0.936768,MEDIUM,0.945,95.65,1117,2026-05-22T14:03:42Z,LOW
94613,FENGYUN 1C DEB,DEBRIS,457.2,16.84,0.00019,1.320512,MEDIUM,0.713,93.59,3691,2026-05-14T21:38:00Z,LOW
30148,COSMOS 2251 DEB,DEBRIS,838.1,50.42,0.01968,0.375481,MEDIUM,0.56,101.53,7804,2026-05-06T08:23:53Z,HIGH
47338,KUIPER-1582,PAYLOAD,1051.6,151.71,0.00871,0.003284,LARGE,1.563,106.07,8742,2026-05-23T11:27:06Z,LOW
25496,SL-16 R/B,ROCKET_BODY,756.8,118.05,0.00562,0.0,LARGE,6.109,99.81,8249,2026-05-09T21:57:16Z,MEDIUM
68710,IRIDIUM 33 DEB,DEBRIS,1476.4,174.0,0.00643,0.113196,MEDIUM,0.934,115.31,5892,2026-05-10T21:10:41Z,LOW
43452,COSMOS 2251 DEB,DEBRIS,820.2,61.68,0.01772,0.0,MEDIUM,0.839,101.15,1491,2026-05-14T00:51:21Z,HIGH
30223,KUIPER-2453,PAYLOAD,504.3,99.26,0.04293,1.477653,LARGE,1.287,94.56,895,2026-05-14T15:11:02Z,LOW
43875,FALCON 9 R/B,ROCKET_BODY,547.5,142.21,0.02095,0.899093,LARGE,3.796,95.45,3717,2026-05-09T18:21:26Z,HIGH
57572,COSMOS 2251 DEB,DEBRIS,551.1,42.12,0.03248,0.407059,SMALL,0.092,95.52,4327,2026-05-09T09:07:04Z,MEDIUM
31190,COSMOS 2251 DEB,DEBRIS,537.8,173.54,0.02331,0.224852,MEDIUM,0.228,95.25,4641,2026-05-04T12:54:23Z,HIGH
57418,COSMOS 2251 DEB,DEBRIS,593.0,106.63,0.00529,0.99219,LARGE,1.123,96.39,476,2026-05-15T10:09:42Z,MEDIUM
89276,CZ-6A R/B,ROCKET_BODY,11248.6,53.68,0.0484,0.000154,LARGE,4.898,387.93,6088,2026-05-15T04:05:39Z,LOW
28367,PLANET-DOVE-7921,PAYLOAD,820.2,4.53,0.03855,0.163489,LARGE,1.756,101.15,3573,2026-05-08T02:00:15Z,MEDIUM
53546,FENGYUN 1C DEB,DEBRIS,561.0,158.8,0.01913,0.349803,MEDIUM,0.173,95.73,1005,2026-05-16T08:42:05Z,MEDIUM
51032,IRIDIUM 33 DEB,DEBRIS,552.4,116.15,0.01213,0.701555,MEDIUM,0.187,95.55,8240,2026-04-29T03:15:23Z,HIGH
79256,COSMOS 2251 DEB,DEBRIS,1345.5,137.35,0.03225,0.240296,MEDIUM,0.298,112.43,3231,2026-05-07T11:40:09Z,MEDIUM
98915,KUIPER-1101,PAYLOAD,803.8,141.12,0.00814,0.740891,MEDIUM,0.989,100.8,2112,2026-05-24T14:24:42Z,LOW
92555,COSMOS-3381,PAYLOAD,1795.0,75.68,0.00598,0.134668,LARGE,2.509,122.4,4446,2026-05-17T00:14:14Z,LOW
35631,COSMOS 2251 DEB,DEBRIS,619.3,143.75,0.01133,0.587604,MEDIUM,0.264,96.94,8556,2026-05-16T14:39:42Z,MEDIUM
29401,KUIPER-5453,PAYLOAD,35915.3,1.1,0.0081,0.000167,MEDIUM,0.886,1442.31,7427,2026-05-20T21:31:16Z,LOW
49122,COSMOS 2251 DEB,DEBRIS,16884.3,60.4,0.00442,0.000129,MEDIUM,0.105,588.22,926,2026-05-13T06:12:38Z,LOW
26860,PLANET-DOVE-7794,PAYLOAD,870.3,137.54,0.02239,0.0,LARGE,2.16,102.21,6189,2026-05-14T21:03:59Z,LOW
89206,FENGYUN 1C DEB,DEBRIS,18979.6,55.64,0.03372,0.000194,LARGE,1.054,669.49,5993,2026-05-09T10:37:22Z,LOW
85700,IRIDIUM 33 DEB,DEBRIS,19937.1,55.75,0.0065,0.000105,MEDIUM,0.208,707.77,7977,2026-05-19T18:53:07Z,LOW
35925,COSMOS-4550,PAYLOAD,489.6,74.3,0.01258,0.452606,LARGE,1.41,94.25,8692,2026-05-16T08:13:43Z,LOW
55760,COSMOS-8256,PAYLOAD,741.1,155.47,0.00319,0.203456,MEDIUM,0.419,99.48,6720,2026-05-10T16:57:18Z,LOW
40970,NOAA 16 DEB,DEBRIS,575.7,3.97,0.01109,0.456857,MEDIUM,0.133,96.03,5897,2026-04-28T19:16:40Z,MEDIUM
69085,SL-16 R/B,ROCKET_BODY,546.6,78.11,0.01735,0.909625,LARGE,3.63,95.43,3202,2026-05-19T04:19:21Z,HIGH
23637,ARIANE 5 R/B,ROCKET_BODY,889.9,122.41,0.00828,0.759156,LARGE,6.929,102.62,8094,2026-05-04T18:48:05Z,HIGH
76275,NOAA 16 DEB,DEBRIS,519.2,19.87,0.00075,0.0,SMALL,0.071,94.87,8489,2026-05-05T18:29:59Z,MEDIUM
29466,COSMOS 2251 DEB,DEBRIS,562.3,142.61,0.00821,0.146843,LARGE,2.373,95.76,8919,2026-04-28T17:47:00Z,MEDIUM
59854,FALCON 9 R/B,ROCKET_BODY,1573.0,169.54,0.00441,0.062928,LARGE,12.503,117.44,8593,2026-05-01T12:16:17Z,LOW
33179,STARLINK-3575,PAYLOAD,565.8,16.37,0.00191,0.93712,LARGE,1.313,95.83,5787,2026-04-28T18:44:17Z,LOW
44907,ONEWEB-9076,PAYLOAD,834.3,27.53,0.01036,0.359978,LARGE,2.114,101.45,8607,2026-04-27T22:10:42Z,MEDIUM
85047,STARLINK-3464,PAYLOAD,835.1,175.34,0.00514,0.231815,LARGE,1.735,101.46,7046,2026-04-25T15:22:12Z,MEDIUM
37912,COSMOS-9778,PAYLOAD,550.9,35.61,0.00056,0.941327,LARGE,1.009,95.52,2184,2026-05-03T20:11:30Z,LOW
60221,PLANET-DOVE-9368,PAYLOAD,869.0,14.21,0.00723,0.609682,LARGE,1.8,102.18,316,2026-05-17T16:14:35Z,MEDIUM
76399,COSMOS 2251 DEB,DEBRIS,14519.1,54.76,0.0368,0.000173,MEDIUM,0.297,500.81,8826,2026-05-20T21:59:50Z,LOW
94226,ONEWEB-5755,PAYLOAD,13513.9,53.97,0.0133,9e-05,MEDIUM,0.743,465.1,3862,2026-05-01T19:39:43Z,LOW
63595,COSMOS 2251 DEB,DEBRIS,17683.8,53.53,0.00265,8.4e-05,MEDIUM,0.37,618.82,7865,2026-05-07T17:10:49Z,LOW
53682,STARLINK-8139,PAYLOAD,15537.3,59.63,0.00792,0.000124,LARGE,2.473,537.86,2615,2026-05-19T23:02:44Z,LOW
62299,STARLINK-2036,PAYLOAD,35800.1,0.0,0.01554,6.8e-05,LARGE,2.461,1436.42,3264,2026-05-16T04:57:10Z,LOW
81405,NOAA 16 DEB,DEBRIS,549.5,117.99,0.00374,0.456944,MEDIUM,0.371,95.49,7422,2026-05-22T03:11:34Z,HIGH
50781,CZ-6A DEB,DEBRIS,1434.1,118.51,0.0014,0.234876,MEDIUM,0.242,114.37,4742,2026-05-07T14:44:03Z,LOW
34200,IRIDIUM-1378,PAYLOAD,533.8,151.86,0.01994,0.778826,MEDIUM,0.83,95.17,6107,2026-04-30T01:22:03Z,LOW
37857,ONEWEB-2135,PAYLOAD,503.5,117.58,0.01275,1.155041,MEDIUM,0.848,94.54,2902,2026-04-29T07:07:22Z,LOW
43982,IRIDIUM-5054,PAYLOAD,619.2,90.66,0.00511,1.058427,LARGE,1.383,96.94,5541,2026-05-16T06:22:55Z,LOW
74175,CZ-6A R/B,ROCKET_BODY,1518.3,70.15,0.00211,0.16742,LARGE,5.642,116.23,4397,2026-04-25T18:54:44Z,LOW
79918,ATLAS 5 CENTAUR R/B,ROCKET_BODY,35713.6,0.61,0.00637,0.000143,LARGE,6.951,1432.01,8386,2026-05-08T19:25:12Z,LOW
27118,PLANET-DOVE-7419,PAYLOAD,1380.1,94.05,0.06418,0.268433,LARGE,1.36,113.19,4444,2026-05-05T14:22:25Z,LOW
23057,STARLINK-6127,PAYLOAD,35730.1,0.18,0.00825,4.1e-05,LARGE,4.859,1432.85,827,2026-05-22T13:39:07Z,LOW
81156,CZ-6A R/B,ROCKET_BODY,1588.1,80.66,0.03637,0.299381,LARGE,7.312,117.78,6637,2026-05-24T22:41:52Z,LOW
28025,COSMOS 2251 DEB,DEBRIS,1402.4,144.34,0.027,0.18887,MEDIUM,0.6,113.68,8585,2026-05-09T12:46:49Z,MEDIUM
51510,NOAA 16 DEB,DEBRIS,1386.5,74.97,0.02019,0.231968,MEDIUM,0.635,113.33,7948,2026-05-12T09:42:16Z,MEDIUM
50520,FALCON 9 R/B,ROCKET_BODY,849.4,4.6,0.03173,0.469995,LARGE,8.834,101.77,933,2026-05-06T08:47:21Z,HIGH
59510,PLANET-DOVE-2537,PAYLOAD,1372.7,50.94,0.00864,0.157373,LARGE,1.467,113.03,8987,2026-05-18T07:21:25Z,LOW
91766,KUIPER-2842,PAYLOAD,856.1,41.71,0.03058,0.334347,LARGE,1.385,101.91,3142,2026-05-03T20:05:12Z,LOW
37534,ONEWEB-3299,PAYLOAD,35634.8,0.11,0.01983,9.8e-05,MEDIUM,0.937,1427.98,7510,2026-05-17T07:56:08Z,LOW
88612,FENGYUN 1C DEB,DEBRIS,767.5,80.87,0.00121,0.602254,MEDIUM,0.635,100.04,5683,2026-05-22T02:36:26Z,MEDIUM
84750,IRIDIUM 33 DEB,DEBRIS,915.8,50.46,0.00021,0.606501,SMALL,0.081,103.17,8758,2026-04-30T03:37:01Z,HIGH
79670,FENGYUN 1C DEB,DEBRIS,844.8,145.93,0.00862,0.478071,MEDIUM,0.124,101.67,3093,2026-05-01T18:50:56Z,HIGH
87518,COSMOS 2251 DEB,DEBRIS,570.3,3.46,0.02255,0.460307,MEDIUM,0.406,95.92,5482,2026-05-06T08:18:15Z,MEDIUM
51654,CZ-6A DEB,DEBRIS,801.8,31.37,0.01295,0.348322,MEDIUM,0.172,100.76,6152,2026-05-19T19:57:16Z,MEDIUM
59275,FENGYUN 1C DEB,DEBRIS,533.5,148.85,0.00854,0.139751,MEDIUM,0.152,95.16,1415,2026-05-14T05:29:20Z,MEDIUM
23912,COSMOS-6954,PAYLOAD,1311.9,99.12,0.00152,0.369727,MEDIUM,0.51,111.7,6985,2026-04-30T19:48:53Z,LOW
33871,COSMOS-315,PAYLOAD,901.4,139.26,0.04463,0.247848,MEDIUM,0.741,102.87,1316,2026-05-06T00:58:38Z,MEDIUM
64406,STARLINK-9709,PAYLOAD,1203.6,150.87,0.01002,0.35054,LARGE,1.387,109.35,7461,2026-05-14T07:14:44Z,LOW
38208,ATLAS 5 CENTAUR R/B,ROCKET_BODY,876.5,169.55,0.02239,0.446055,LARGE,5.62,102.34,1162,2026-05-23T22:36:50Z,HIGH
95293,COSMOS-8748,PAYLOAD,1377.2,11.42,0.0158,0.196337,LARGE,1.269,113.13,1638,2026-05-08T12:46:02Z,LOW
55757,FENGYUN 1C DEB,DEBRIS,534.2,143.86,0.01047,0.629136,MEDIUM,0.63,95.18,4468,2026-04-27T05:39:42Z,MEDIUM
99389,FENGYUN 1C DEB,DEBRIS,1414.5,127.58,0.00717,0.082295,MEDIUM,0.646,113.94,1663,2026-04-28T03:19:05Z,MEDIUM
33563,ARIANE 5 R/B,ROCKET_BODY,894.9,37.26,0.02295,0.155412,LARGE,4.251,102.73,717,2026-04-25T20:42:43Z,HIGH
78116,PLANET-DOVE-6037,PAYLOAD,483.9,167.71,0.01937,1.499328,MEDIUM,0.544,94.14,499,2026-04-28T18:40:18Z,LOW
53469,COSMOS-8191,PAYLOAD,504.0,72.76,0.01028,0.760439,LARGE,2.76,94.55,2597,2026-05-07T09:02:42Z,LOW
30455,IRIDIUM-4406,PAYLOAD,481.8,159.77,0.00888,1.237272,LARGE,1.434,94.09,4432,2026-05-03T10:41:11Z,LOW
38809,COSMOS 2251 DEB,DEBRIS,811.9,108.92,0.01271,0.780099,MEDIUM,0.129,100.97,424,2026-05-04T00:44:21Z,HIGH
92624,CZ-6A R/B,ROCKET_BODY,1371.6,94.81,0.00366,0.126307,LARGE,3.01,113.0,1263,2026-05-17T23:59:21Z,LOW
76208,IRIDIUM 33 DEB,DEBRIS,35698.0,0.44,0.00117,0.00016,LARGE,2.993,1431.21,5516,2026-05-09T07:32:28Z,LOW
67749,IRIDIUM-8066,PAYLOAD,702.4,164.58,0.05858,0.525178,LARGE,1.535,98.67,2887,2026-05-16T20:50:12Z,LOW
97971,COSMOS-2613,PAYLOAD,12624.5,53.75,0.02578,0.000126,MEDIUM,0.817,434.25,6827,2026-05-11T06:11:51Z,LOW
48674,FALCON 9 R/B,ROCKET_BODY,1374.3,1.1,0.02417,0.148305,LARGE,7.136,113.06,7568,2026-05-01T03:41:11Z,MEDIUM
86517,IRIDIUM 33 DEB,DEBRIS,779.5,3.29,0.01225,0.608226,SMALL,0.08,100.29,302,2026-05-23T10:44:59Z,MEDIUM
84216,COSMOS 2251 DEB,DEBRIS,814.4,139.97,0.00762,0.297252,LARGE,1.11,101.03,8539,2026-05-09T06:51:56Z,HIGH
45833,STARLINK-3392,PAYLOAD,1514.9,29.15,0.05637,0.106285,MEDIUM,0.971,116.15,6162,2026-05-20T01:58:06Z,LOW
33922,FENGYUN 1C DEB,DEBRIS,11756.0,54.74,0.01425,3.6e-05,MEDIUM,0.117,404.81,7404,2026-04-27T21:49:50Z,LOW
78714,STARLINK-9661,PAYLOAD,569.9,122.59,0.00948,1.445691,MEDIUM,0.44,95.91,4317,2026-05-20T11:38:56Z,LOW
34070,CZ-6A DEB,DEBRIS,556.6,50.29,0.00465,0.0,MEDIUM,0.305,95.64,35,2026-05-16T11:28:52Z,MEDIUM
50019,STARLINK-3553,PAYLOAD,1126.8,102.48,0.01194,0.327955,LARGE,3.375,107.69,7970,2026-05-02T11:59:17Z,LOW
69092,ONEWEB-9751,PAYLOAD,796.2,43.25,0.02268,0.370879,LARGE,2.701,100.64,5125,2026-05-18T19:10:38Z,LOW
35387,IRIDIUM 33 DEB,DEBRIS,700.6,170.34,0.00569,0.315747,MEDIUM,0.82,98.64,362,2026-05-17T06:39:32Z,LOW
97415,ONEWEB-6383,PAYLOAD,35867.3,0.41,0.01808,6.6e-05,LARGE,1.955,1439.86,1524,2026-05-21T19:19:43Z,LOW
30157,FALCON 9 R/B,ROCKET_BODY,315.7,51.85,0.02158,1.364257,LARGE,7.041,90.69,1878,2026-05-01T06:59:32Z,LOW
37178,SL-16 R/B,ROCKET_BODY,11736.3,51.21,0.03114,3e-05,LARGE,4.327,404.15,3400,2026-05-21T13:44:13Z,LOW
21380,ONEWEB-1360,PAYLOAD,1430.4,90.11,0.00042,0.168944,LARGE,7.011,114.29,3998,2026-05-17T20:41:59Z,LOW
65704,CZ-6A DEB,DEBRIS,581.6,172.8,0.02637,1.035472,SMALL,0.086,96.16,3868,2026-05-05T03:16:56Z,MEDIUM
68914,NOAA 16 DEB,DEBRIS,872.1,70.93,0.03537,0.678787,MEDIUM,0.156,102.25,7817,2026-05-05T12:17:40Z,HIGH
39237,NOAA 16 DEB,DEBRIS,14683.6,53.98,0.0256,0.000133,MEDIUM,0.71,506.73,8488,2026-05-02T15:15:51Z,LOW
89874,COSMOS-4920,PAYLOAD,524.2,167.17,0.01575,0.46267,MEDIUM,0.687,94.97,6118,2026-05-09T07:15:16Z,LOW
87913,SL-16 R/B,ROCKET_BODY,1400.9,29.31,0.01327,0.207,LARGE,4.287,113.65,5714,2026-05-21T21:32:39Z,MEDIUM
61493,COSMOS-417,PAYLOAD,538.8,99.09,0.00673,0.872839,LARGE,1.414,95.27,7780,2026-05-20T03:08:13Z,LOW
34971,PLANET-DOVE-9100,PAYLOAD,1393.0,19.02,0.02537,0.082596,LARGE,8.318,113.47,2430,2026-04-29T09:07:30Z,LOW
29134,ONEWEB-6771,PAYLOAD,1783.8,111.15,0.0458,0.00492,LARGE,1.354,122.15,5036,2026-04-28T22:32:37Z,LOW
97764,IRIDIUM 33 DEB,DEBRIS,488.3,65.82,0.01503,0.0,MEDIUM,0.174,94.23,5795,2026-04-26T18:43:39Z,LOW
85024,IRIDIUM 33 DEB,DEBRIS,841.8,174.17,0.00107,0.422341,MEDIUM,0.199,101.61,2591,2026-05-13T10:07:06Z,HIGH
61969,CZ-6A DEB,DEBRIS,892.4,74.77,0.00082,0.439193,MEDIUM,0.389,102.68,8568,2026-05-04T10:15:17Z,HIGH
46623,ATLAS 5 CENTAUR R/B,ROCKET_BODY,798.7,24.51,0.01921,0.126712,LARGE,6.063,100.7,2142,2026-05-17T19:48:19Z,HIGH
53368,CZ-6A R/B,ROCKET_BODY,11735.3,58.3,0.01425,0.000103,LARGE,3.214,404.11,560,2026-05-17T19:24:57Z,LOW
63044,ATLAS 5 CENTAUR R/B,ROCKET_BODY,527.5,147.76,0.01154,0.746941,LARGE,9.697,95.04,2930,2026-04-30T22:21:12Z,MEDIUM
47708,ATLAS 5 CENTAUR R/B,ROCKET_BODY,35964.5,1.09,0.00152,9.5e-05,LARGE,12.968,1444.83,7349,2026-05-15T19:49:25Z,LOW
41769,CZ-6A R/B,ROCKET_BODY,35844.1,0.49,0.00046,3.4e-05,LARGE,3.619,1438.67,3389,2026-05-17T22:26:32Z,LOW
50863,PLANET-DOVE-6441,PAYLOAD,531.5,47.65,0.01998,0.244894,LARGE,2.67,95.12,1975,2026-05-24T14:40:47Z,LOW
45370,STARLINK-1746,PAYLOAD,842.2,115.57,0.01837,0.516466,LARGE,1.726,101.61,7853,2026-05-16T16:19:31Z,MEDIUM
29339,COSMOS 2251 DEB,DEBRIS,794.1,6.84,0.04536,0.615357,LARGE,1.223,100.6,1403,2026-05-05T18:51:51Z,HIGH
50493,SL-16 R/B,ROCKET_BODY,870.8,35.44,0.01018,0.259322,LARGE,3.226,102.22,1454,2026-05-24T23:47:34Z,HIGH
45663,IRIDIUM 33 DEB,DEBRIS,573.3,167.81,0.00483,0.085445,MEDIUM,0.227,95.98,8092,2026-05-03T06:36:36Z,HIGH
20510,COSMOS-7781,PAYLOAD,867.8,133.06,0.0182,0.41152,LARGE,1.629,102.15,2912,2026-05-19T03:49:16Z,MEDIUM
47347,SL-16 R/B,ROCKET_BODY,819.5,41.52,0.02096,0.168067,LARGE,4.786,101.13,46,2026-05-06T08:18:34Z,HIGH
62095,IRIDIUM-6679,PAYLOAD,553.0,20.05,0.01249,1.097102,LARGE,1.351,95.56,3918,2026-05-23T01:13:09Z,MEDIUM
36042,COSMOS-9081,PAYLOAD,35778.6,0.15,0.01441,8.2e-05,MEDIUM,0.582,1435.32,6677,2026-05-18T11:13:28Z,LOW
60832,ONEWEB-4138,PAYLOAD,1368.5,20.19,0.00329,0.342852,MEDIUM,0.581,112.94,6820,2026-05-12T23:46:28Z,LOW
41808,STARLINK-4166,PAYLOAD,538.4,46.27,0.01458,0.0,MEDIUM,0.494,95.26,812,2026-05-01T10:17:45Z,LOW
96622,FENGYUN 1C DEB,DEBRIS,35751.4,1.13,0.01891,0.000158,MEDIUM,0.153,1433.93,2553,2026-04-30T15:40:31Z,LOW
87704,KUIPER-2480,PAYLOAD,925.4,1.34,0.01066,0.65506,MEDIUM,0.553,103.38,5573,2026-05-23T10:22:42Z,LOW
92797,NOAA 16 DEB,DEBRIS,311.7,56.54,0.01288,0.456822,MEDIUM,0.246,90.61,5952,2026-05-19T01:12:07Z,LOW
51034,SL-16 R/B,ROCKET_BODY,10201.1,59.17,0.00286,8e-06,LARGE,2.197,353.86,5599,2026-05-10T09:02:07Z,LOW
24755,CZ-6A R/B,ROCKET_BODY,808.4,61.54,0.02486,0.324922,LARGE,4.292,100.9,3061,2026-05-21T07:43:56Z,MEDIUM
24049,SL-16 R/B,ROCKET_BODY,856.3,90.77,0.0093,0.233344,LARGE,3.788,101.91,7769,2026-05-18T11:51:51Z,HIGH
76068,COSMOS-6066,PAYLOAD,502.7,134.27,0.00301,0.81801,MEDIUM,0.551,94.52,729,2026-05-06T15:09:14Z,LOW
35377,IRIDIUM 33 DEB,DEBRIS,35709.5,0.52,0.02366,0.000197,MEDIUM,0.119,1431.8,7408,2026-05-19T19:37:42Z,LOW
83305,CZ-6A DEB,DEBRIS,508.0,133.85,0.01785,0.659965,MEDIUM,0.167,94.63,8460,2026-05-18T21:08:54Z,MEDIUM
39809,NOAA 16 DEB,DEBRIS,513.6,119.09,0.02057,0.917337,MEDIUM,0.356,94.75,6175,2026-05-09T08:44:48Z,MEDIUM
97020,SL-16 R/B,ROCKET_BODY,1384.4,109.54,0.03114,0.142914,LARGE,2.985,113.28,3882,2026-04-25T14:01:47Z,MEDIUM
62225,COSMOS-5979,PAYLOAD,1101.0,116.94,0.01561,0.105231,MEDIUM,0.875,107.13,3443,2026-05-17T05:47:14Z,LOW
86350,IRIDIUM 33 DEB,DEBRIS,570.2,143.85,0.01223,1.031409,MEDIUM,0.13,95.92,3938,2026-05-05T04:32:12Z,MEDIUM
38580,STARLINK-2145,PAYLOAD,568.3,127.83,0.00629,0.919609,LARGE,1.778,95.88,1522,2026-05-05T22:34:47Z,LOW
53123,COSMOS-6547,PAYLOAD,10531.3,56.42,0.01151,2.9e-05,LARGE,1.289,364.48,2021,2026-05-16T09:48:59Z,LOW
64490,KUIPER-3747,PAYLOAD,511.5,26.21,0.01272,0.157129,MEDIUM,0.462,94.71,5732,2026-05-19T07:52:05Z,LOW
45306,IRIDIUM 33 DEB,DEBRIS,831.1,121.98,0.01421,0.176961,MEDIUM,0.56,101.38,4965,2026-04-27T15:15:59Z,HIGH
96478,COSMOS 2251 DEB,DEBRIS,859.5,132.66,0.00075,0.52233,MEDIUM,0.124,101.98,4487,2026-05-19T17:12:36Z,HIGH
33816,FENGYUN 1C DEB,DEBRIS,1378.0,53.99,0.04662,0.193273,MEDIUM,0.218,113.14,4289,2026-05-03T18:52:52Z,MEDIUM
63399,COSMOS 2251 DEB,DEBRIS,374.6,157.42,0.03001,1.301712,MEDIUM,0.184,91.89,729,2026-05-11T23:40:05Z,LOW
35312,COSMOS-1590,PAYLOAD,565.4,54.85,0.03119,0.516798,MEDIUM,0.859,95.82,7812,2026-05-21T01:20:17Z,LOW
71876,CZ-6A DEB,DEBRIS,1387.8,43.89,0.01843,0.072634,MEDIUM,0.262,113.36,8601,2026-05-01T13:03:59Z,LOW
25591,CZ-6A R/B,ROCKET_BODY,857.9,156.08,0.00345,0.612176,LARGE,6.352,101.95,2229,2026-05-01T15:04:50Z,HIGH
35591,COSMOS 2251 DEB,DEBRIS,605.7,44.46,0.01696,0.40129,MEDIUM,0.107,96.66,2850,2026-05-24T02:33:38Z,MEDIUM
52538,COSMOS-9647,PAYLOAD,984.8,74.79,0.00198,0.355142,LARGE,2.731,104.64,5684,2026-05-06T04:34:15Z,LOW
70159,CZ-6A DEB,DEBRIS,591.3,66.23,0.03761,0.043105,MEDIUM,0.179,96.36,49,2026-05-23T09:49:31Z,MEDIUM
59048,COSMOS-8223,PAYLOAD,35950.8,0.75,0.01309,4.8e-05,LARGE,1.957,1444.13,945,2026-05-05T17:09:23Z,LOW
29845,STARLINK-3434,PAYLOAD,1419.6,81.94,0.01025,0.248459,MEDIUM,0.987,114.06,8118,2026-05-13T14:16:14Z,LOW
86216,FALCON 9 R/B,ROCKET_BODY,35770.9,0.39,0.00754,8e-05,LARGE,4.688,1434.93,1577,2026-05-10T07:22:12Z,LOW
45104,COSMOS-6793,PAYLOAD,19484.8,50.32,0.03981,0.000203,LARGE,1.642,689.6,5206,2026-05-24T12:23:39Z,LOW
64841,PLANET-DOVE-4613,PAYLOAD,1348.6,113.02,0.02368,0.0,LARGE,1.145,112.5,7944,2026-05-11T12:11:22Z,LOW
72802,NOAA 16 DEB,DEBRIS,35955.3,0.57,0.04177,7.9e-05,SMALL,0.092,1444.36,6605,2026-05-10T02:00:47Z,LOW
62062,KUIPER-4803,PAYLOAD,1534.6,144.45,0.00128,0.114617,LARGE,2.271,116.59,2469,2026-05-08T23:44:41Z,LOW
89033,NOAA 16 DEB,DEBRIS,820.8,72.04,0.02312,0.858691,MEDIUM,0.148,101.16,1399,2026-05-06T06:20:55Z,HIGH
96561,IRIDIUM-1475,PAYLOAD,520.1,171.15,0.01004,0.206881,LARGE,2.003,94.88,6469,2026-05-08T04:51:12Z,LOW
23184,FENGYUN 1C DEB,DEBRIS,1161.1,94.42,0.02802,0.333924,MEDIUM,0.209,108.43,3659,2026-05-08T19:33:43Z,LOW
57685,SL-16 R/B,ROCKET_BODY,1421.5,4.06,0.01807,0.252073,LARGE,3.959,114.1,8709,2026-05-17T21:49:22Z,MEDIUM
27821,COSMOS 2251 DEB,DEBRIS,893.9,46.8,0.01577,0.210759,SMALL,0.068,102.71,5816,2026-04-26T09:03:10Z,HIGH
63107,CZ-6A R/B,ROCKET_BODY,1410.8,111.91,0.00837,0.121836,LARGE,3.474,113.86,128,2026-05-10T00:42:10Z,MEDIUM
66899,SL-16 R/B,ROCKET_BODY,534.4,28.23,0.02768,0.734102,LARGE,6.399,95.18,2281,2026-05-11T11:22:03Z,HIGH
71650,CZ-6A DEB,DEBRIS,777.1,105.13,0.00844,0.050166,SMALL,0.089,100.24,6707,2026-05-17T14:18:06Z,MEDIUM
86472,COSMOS-6055,PAYLOAD,1794.5,65.09,0.00036,0.06022,LARGE,2.733,122.39,6322,2026-05-14T23:41:14Z,LOW
49439,IRIDIUM-2788,PAYLOAD,550.9,96.19,0.02107,1.162255,LARGE,1.088,95.52,6684,2026-05-07T22:58:49Z,LOW
60255,CZ-6A DEB,DEBRIS,856.4,0.34,0.00277,0.519667,MEDIUM,0.149,101.91,2125,2026-04-28T06:51:15Z,HIGH
37208,NOAA 16 DEB,DEBRIS,1335.6,152.72,0.05648,0.161254,MEDIUM,0.41,112.22,2266,2026-05-06T03:53:11Z,MEDIUM
38915,ONEWEB-3142,PAYLOAD,1443.4,65.15,0.02056,0.158813,LARGE,3.593,114.58,1905,2026-05-02T16:01:48Z,LOW
33515,FALCON 9 R/B,ROCKET_BODY,847.6,25.23,0.00029,0.541376,LARGE,9.975,101.73,6271,2026-05-01T02:57:53Z,HIGH
64621,NOAA 16 DEB,DEBRIS,816.3,78.82,0.00723,0.618965,MEDIUM,0.419,101.07,134,2026-05-16T15:15:09Z,HIGH
28696,IRIDIUM 33 DEB,DEBRIS,10744.2,54.64,0.00415,3.6e-05,MEDIUM,0.317,371.39,7333,2026-05-09T08:15:21Z,LOW
89259,NOAA 16 DEB,DEBRIS,343.4,114.73,0.0076,1.786798,MEDIUM,0.829,91.26,2558,2026-05-18T19:23:05Z,LOW
68617,SL-16 R/B,ROCKET_BODY,546.7,94.42,0.00338,1.186422,LARGE,5.492,95.43,4407,2026-04-29T03:39:20Z,MEDIUM
74807,FENGYUN 1C DEB,DEBRIS,822.9,7.83,0.0156,0.588311,MEDIUM,0.173,101.21,2243,2026-05-24T13:49:27Z,HIGH
35529,COSMOS-2402,PAYLOAD,10746.4,49.56,0.01407,7.2e-05,LARGE,4.627,371.46,3844,2026-05-09T04:48:50Z,LOW
54435,FENGYUN 1C DEB,DEBRIS,867.5,82.17,0.01417,0.15063,LARGE,1.579,102.15,6886,2026-05-02T14:19:15Z,HIGH
61672,ONEWEB-2783,PAYLOAD,1412.5,13.86,0.0124,0.125899,LARGE,1.843,113.9,1810,2026-05-05T21:17:02Z,LOW
90796,NOAA 16 DEB,DEBRIS,1345.5,139.11,0.01837,0.181465,MEDIUM,0.272,112.43,5140,2026-05-20T05:50:11Z,LOW
20427,ATLAS 5 CENTAUR R/B,ROCKET_BODY,1441.9,118.83,0.01958,0.0,LARGE,4.261,114.55,543,2026-05-16T07:10:53Z,LOW
22752,CZ-6A R/B,ROCKET_BODY,853.6,116.9,0.00471,0.51543,LARGE,8.119,101.85,1625,2026-04-30T03:54:50Z,HIGH
57451,NOAA 16 DEB,DEBRIS,789.5,76.84,0.03156,0.783915,MEDIUM,0.514,100.5,6169,2026-05-24T16:53:27Z,MEDIUM
90355,ARIANE 5 R/B,ROCKET_BODY,848.2,73.89,0.00719,0.539768,LARGE,3.516,101.74,5126,2026-04-28T22:13:56Z,HIGH
80787,COSMOS 2251 DEB,DEBRIS,859.8,96.54,0.0287,0.233808,MEDIUM,0.182,101.99,5514,2026-05-03T06:16:03Z,HIGH
57367,FALCON 9 R/B,ROCKET_BODY,584.0,9.11,0.01887,0.326011,LARGE,2.628,96.21,2052,2026-05-16T21:01:35Z,MEDIUM
33938,NOAA 16 DEB,DEBRIS,838.2,53.81,3e-05,0.481157,MEDIUM,0.3,101.53,1879,2026-05-10T21:23:57Z,HIGH
86690,COSMOS-3771,PAYLOAD,35897.5,0.77,0.04202,0.0001,MEDIUM,0.594,1441.4,3846,2026-05-08T09:01:41Z,LOW
32294,ARIANE 5 R/B,ROCKET_BODY,837.6,119.19,0.02643,0.516709,LARGE,3.278,101.52,1187,2026-05-22T18:55:17Z,HIGH
98190,ATLAS 5 CENTAUR R/B,ROCKET_BODY,1406.5,75.41,0.01621,0.215257,LARGE,5.766,113.77,7997,2026-05-18T19:37:29Z,MEDIUM
82003,COSMOS-8709,PAYLOAD,1354.0,40.03,0.03541,0.285708,LARGE,4.64,112.62,2433,2026-05-23T20:45:28Z,LOW
97416,PLANET-DOVE-3542,PAYLOAD,14602.1,59.39,0.0101,0.000181,LARGE,4.213,503.79,6481,2026-05-03T11:26:47Z,LOW
71892,IRIDIUM 33 DEB,DEBRIS,800.5,46.85,0.01943,0.491977,MEDIUM,0.592,100.73,1436,2026-05-20T12:28:02Z,HIGH
49128,FENGYUN 1C DEB,DEBRIS,12500.0,58.96,0.04151,0.000134,MEDIUM,0.448,429.98,5870,2026-05-01T09:29:58Z,LOW
98330,FENGYUN 1C DEB,DEBRIS,889.3,27.81,0.00479,0.352336,MEDIUM,0.437,102.61,1858,2026-05-19T04:14:07Z,HIGH
81497,KUIPER-625,PAYLOAD,591.9,131.27,0.02367,0.933624,MEDIUM,0.658,96.37,2554,2026-05-11T11:08:06Z,LOW
75906,KUIPER-2161,PAYLOAD,861.3,115.71,0.0007,0.621496,LARGE,1.092,102.02,3725,2026-05-12T22:28:37Z,MEDIUM
97535,IRIDIUM-7249,PAYLOAD,902.3,12.57,0.00141,0.673966,LARGE,4.172,102.89,1147,2026-04-28T11:01:24Z,MEDIUM
25334,NOAA 16 DEB,DEBRIS,19819.5,58.44,0.00435,0.000128,SMALL,0.085,703.03,1147,2026-05-21T09:00:41Z,LOW
70277,COSMOS 2251 DEB,DEBRIS,19292.1,55.19,0.02713,8.2e-05,MEDIUM,0.148,681.9,6783,2026-05-03T08:41:57Z,LOW
46664,KUIPER-4595,PAYLOAD,587.0,102.8,0.01123,0.525773,LARGE,1.323,96.27,3130,2026-05-12T22:39:05Z,LOW
47876,NOAA 16 DEB,DEBRIS,35646.7,0.47,0.01615,2.7e-05,MEDIUM,0.816,1428.59,5123,2026-04-29T23:41:26Z,LOW
22082,STARLINK-2753,PAYLOAD,573.9,32.05,0.03745,1.142728,LARGE,1.106,96.0,5829,2026-05-22T18:40:38Z,LOW
62595,IRIDIUM-7089,PAYLOAD,1368.1,130.79,0.00086,0.136045,LARGE,1.743,112.93,5616,2026-05-04T14:26:02Z,LOW
63226,PLANET-DOVE-3643,PAYLOAD,910.6,168.5,0.00411,0.471147,LARGE,2.184,103.06,5658,2026-05-17T21:09:39Z,MEDIUM
73547,IRIDIUM-6244,PAYLOAD,868.8,108.19,0.05159,0.545388,LARGE,2.168,102.18,8776,2026-05-17T23:09:32Z,MEDIUM
98953,NOAA 16 DEB,DEBRIS,14128.4,51.93,0.01769,6.7e-05,MEDIUM,0.749,486.82,5688,2026-05-11T12:13:07Z,LOW
77585,FENGYUN 1C DEB,DEBRIS,536.5,122.32,0.00702,0.300707,MEDIUM,0.475,95.22,3154,2026-04-28T14:56:04Z,MEDIUM
92346,STARLINK-5791,PAYLOAD,826.6,61.75,0.007,0.801658,LARGE,1.121,101.28,2583,2026-05-03T09:31:53Z,LOW
51789,SL-16 R/B,ROCKET_BODY,859.0,8.87,0.00306,0.462538,LARGE,3.773,101.97,7212,2026-05-13T08:32:44Z,HIGH
76091,FENGYUN 1C DEB,DEBRIS,791.5,54.42,0.0065,0.287246,SMALL,0.088,100.54,3812,2026-05-11T01:50:22Z,MEDIUM
69776,IRIDIUM 33 DEB,DEBRIS,874.5,163.01,0.00239,0.354752,MEDIUM,0.274,102.3,5043,2026-05-12T13:01:53Z,HIGH
80908,COSMOS 2251 DEB,DEBRIS,516.6,74.01,0.01426,1.15123,MEDIUM,0.479,94.81,7340,2026-05-02T11:33:59Z,MEDIUM
59536,ONEWEB-3527,PAYLOAD,574.0,155.64,0.01778,0.988464,MEDIUM,0.627,96.0,2140,2026-05-11T03:27:14Z,LOW
90252,CZ-6A DEB,DEBRIS,531.7,91.56,0.00038,0.081797,MEDIUM,0.544,95.12,2024,2026-04-27T13:25:57Z,HIGH
20747,COSMOS-7951,PAYLOAD,840.7,93.06,0.02398,0.804301,LARGE,2.855,101.58,504,2026-05-09T12:39:29Z,MEDIUM
24060,FENGYUN 1C DEB,DEBRIS,523.5,0.94,0.00342,1.088421,MEDIUM,0.176,94.95,679,2026-04-27T17:48:39Z,MEDIUM
44178,STARLINK-1748,PAYLOAD,844.4,114.68,0.00508,0.366676,LARGE,1.364,101.66,5555,2026-05-14T21:58:46Z,MEDIUM
35475,NOAA 16 DEB,DEBRIS,616.1,19.41,0.00897,0.168265,MEDIUM,0.212,96.87,4546,2026-05-12T00:05:36Z,MEDIUM
38834,ONEWEB-396,PAYLOAD,35732.7,0.42,0.02219,0.000176,LARGE,2.426,1432.98,2699,2026-05-20T13:18:13Z,LOW
82044,CZ-6A R/B,ROCKET_BODY,907.7,46.86,0.00965,0.467008,LARGE,6.341,103.0,1927,2026-05-08T20:40:38Z,MEDIUM
79649,CZ-6A DEB,DEBRIS,35732.5,0.8,0.02584,8.8e-05,MEDIUM,0.149,1432.97,6268,2026-04-29T20:39:58Z,LOW
51132,COSMOS 2251 DEB,DEBRIS,862.4,96.67,0.01555,0.337132,SMALL,0.05,102.04,795,2026-05-02T01:21:43Z,HIGH
32482,CZ-6A R/B,ROCKET_BODY,849.1,2.6,0.03537,1.151575,LARGE,6.912,101.76,6315,2026-05-19T10:10:28Z,HIGH
24833,FENGYUN 1C DEB,DEBRIS,579.5,51.23,0.0015,0.633826,MEDIUM,0.885,96.11,8146,2026-05-23T17:55:34Z,MEDIUM
43230,CZ-6A DEB,DEBRIS,589.5,178.13,0.03719,0.342455,MEDIUM,0.104,96.32,4115,2026-04-26T20:15:44Z,MEDIUM
39104,ONEWEB-1066,PAYLOAD,14577.1,53.92,0.00266,0.000137,LARGE,1.132,502.89,4468,2026-05-15T07:01:05Z,LOW
31811,ATLAS 5 CENTAUR R/B,ROCKET_BODY,821.0,57.49,0.01787,0.865848,LARGE,9.917,101.17,4841,2026-05-09T11:07:46Z,HIGH
80651,ARIANE 5 R/B,ROCKET_BODY,847.3,57.86,0.05205,0.605956,LARGE,10.233,101.72,884,2026-05-02T17:38:58Z,HIGH
75285,CZ-6A DEB,DEBRIS,786.2,68.29,0.01308,0.820251,MEDIUM,0.34,100.43,5650,2026-05-10T08:15:18Z,MEDIUM
45399,KUIPER-4081,PAYLOAD,679.6,123.26,0.0103,0.610271,MEDIUM,0.724,98.2,3306,2026-05-23T01:46:10Z,LOW
41362,IRIDIUM-3635,PAYLOAD,1472.3,44.59,0.00755,0.248369,LARGE,2.324,115.21,4233,2026-04-30T22:15:42Z,LOW
61285,IRIDIUM 33 DEB,DEBRIS,554.2,82.85,0.00501,0.321434,SMALL,0.073,95.59,236,2026-05-20T02:42:20Z,MEDIUM
92464,NOAA 16 DEB,DEBRIS,475.6,116.08,0.00766,0.819073,MEDIUM,0.309,93.97,7900,2026-04-27T16:33:52Z,MEDIUM
32224,CZ-6A DEB,DEBRIS,1421.3,58.02,0.00616,0.18088,MEDIUM,0.431,114.09,3020,2026-05-16T14:51:22Z,MEDIUM
21889,FENGYUN 1C DEB,DEBRIS,818.4,170.78,0.02471,0.771071,MEDIUM,0.807,101.11,711,2026-04-27T05:56:09Z,HIGH
33898,IRIDIUM 33 DEB,DEBRIS,826.8,176.34,0.02552,0.495123,MEDIUM,0.181,101.29,7045,2026-04-26T19:41:11Z,HIGH
67339,COSMOS 2251 DEB,DEBRIS,1008.4,21.54,0.02794,0.191827,MEDIUM,0.358,105.15,8818,2026-04-26T02:48:30Z,LOW
42072,IRIDIUM 33 DEB,DEBRIS,1408.9,61.89,0.01136,0.163582,MEDIUM,0.348,113.82,4694,2026-05-19T03:26:01Z,MEDIUM
78983,FALCON 9 R/B,ROCKET_BODY,1886.2,37.43,0.00428,0.0,LARGE,4.722,124.45,330,2026-05-12T04:59:13Z,LOW
54089,FALCON 9 R/B,ROCKET_BODY,1377.3,33.62,0.01698,0.0,LARGE,8.945,113.13,8925,2026-05-15T17:03:55Z,MEDIUM
86750,KUIPER-8599,PAYLOAD,554.4,88.38,0.02786,0.980854,LARGE,3.401,95.59,1896,2026-04-29T15:56:30Z,LOW
68907,NOAA 16 DEB,DEBRIS,1385.7,101.49,0.05904,0.126921,MEDIUM,0.387,113.31,2186,2026-05-22T15:27:36Z,MEDIUM
79469,IRIDIUM-2923,PAYLOAD,811.2,76.62,0.00431,0.359655,LARGE,2.352,100.96,6383,2026-05-19T06:16:02Z,MEDIUM
27906,ONEWEB-8507,PAYLOAD,793.8,49.06,0.00331,0.65804,LARGE,2.187,100.59,3007,2026-05-09T15:48:51Z,LOW
26159,ARIANE 5 R/B,ROCKET_BODY,1000.8,50.15,0.01677,0.571661,LARGE,4.976,104.98,792,2026-05-21T23:14:45Z,LOW
31606,SL-16 R/B,ROCKET_BODY,35779.6,0.99,0.00864,0.000122,LARGE,4.393,1435.37,6153,2026-04-29T06:58:49Z,LOW
75394,ONEWEB-6825,PAYLOAD,543.8,166.26,0.00218,1.436648,LARGE,1.209,95.37,2381,2026-05-03T18:32:01Z,LOW
35405,FENGYUN 1C DEB,DEBRIS,500.5,13.66,0.0033,0.93187,MEDIUM,0.118,94.48,7758,2026-04-26T10:52:05Z,MEDIUM
93596,FENGYUN 1C DEB,DEBRIS,584.6,118.18,0.04743,0.73514,MEDIUM,0.329,96.22,1411,2026-04-29T22:24:56Z,MEDIUM
60393,KUIPER-1052,PAYLOAD,754.1,82.24,0.00746,0.536817,MEDIUM,0.968,99.76,8158,2026-05-20T05:51:44Z,LOW
